cgpa,projects,communication_skills,internship,programming_skills,technical_skills,certifications,aptitude,interview_score,placement_status
7.29,0,7.5,0,6.7,5.2,1,73.5,62.8,1
7.63,5,6.8,0,6.6,7.0,3,74.9,74.5,1
5.76,3,8.1,0,5.2,4.9,1,56.6,67.8,0
6.89,2,7.8,0,4.9,5.2,2,53.2,73.5,1
7.87,4,3.9,0,6.7,6.9,0,80.1,50.0,1
6.4,2,6.9,0,5.7,5.6,2,69.2,66.2,1
6.33,3,6.5,0,6.4,6.0,3,62.3,60.7,1
7.34,4,7.9,0,5.8,5.2,3,69.1,66.6,1
6.88,4,7.8,1,5.6,5.2,2,58.6,71.5,1
7.42,2,6.9,1,6.5,7.2,2,62.5,77.8,1
6.3,3,8.0,0,8.0,6.6,2,71.1,53.4,1
6.78,0,6.5,0,4.8,5.2,1,72.5,62.4,0
7.92,6,6.1,1,6.7,6.6,3,97.8,73.0,1
8.19,5,6.4,1,8.3,8.5,1,84.3,79.5,1
7.54,4,6.4,0,6.8,5.8,3,73.0,67.5,1
6.54,4,7.1,0,6.8,4.1,2,57.1,66.4,1
6.82,3,6.0,0,6.4,6.9,1,70.6,52.6,1
6.81,4,7.5,0,5.6,4.9,3,65.4,67.2,1
8.24,3,6.0,1,5.1,4.5,1,77.2,61.3,1
8.29,3,6.3,0,6.4,5.8,3,78.1,64.7,1
6.39,1,7.9,0,6.2,6.5,1,75.2,65.3,1
7.03,5,7.8,0,7.7,8.5,1,71.0,79.0,1
7.85,1,6.3,0,6.0,6.0,2,76.3,52.8,0
6.15,2,7.2,0,6.6,6.1,0,52.4,75.1,1
8.59,5,6.0,0,6.5,6.9,3,79.9,53.1,1
7.48,3,8.2,0,6.0,5.9,1,60.8,74.6,1
6.07,0,5.1,0,5.6,4.7,2,47.9,50.0,0
8.41,1,6.0,0,5.8,5.5,2,77.9,56.0,1
5.04,0,5.9,0,3.0,3.4,0,35.0,41.6,0
7.86,1,5.7,0,7.1,7.2,2,81.3,60.9,1
7.31,6,7.9,1,8.2,7.9,2,82.9,79.8,1
6.48,3,7.0,1,6.4,6.1,1,54.8,62.6,1
7.16,4,3.4,0,6.8,6.5,1,72.0,49.4,1
7.01,3,7.4,0,6.3,5.3,3,51.6,57.1,1
8.28,3,5.8,1,4.7,4.5,4,83.0,52.6,1
4.86,2,6.4,0,5.3,4.9,1,41.4,58.9,1
7.86,6,8.0,1,9.2,8.4,2,75.5,80.3,1
6.5,1,8.1,0,5.1,4.0,2,48.3,75.1,0
7.8,0,6.1,0,4.8,3.4,1,62.4,58.0,0
6.48,3,5.0,0,6.1,6.4,1,58.5,59.0,0
7.33,6,7.8,1,7.6,7.4,2,77.1,82.2,1
7.06,2,7.7,0,5.7,5.6,2,68.1,69.2,1
8.02,4,7.9,0,6.3,5.5,3,68.2,71.4,0
8.43,4,8.2,1,6.4,7.4,2,92.5,79.1,1
6.23,2,6.9,0,4.5,5.3,2,45.9,59.8,0
7.04,2,6.8,0,7.1,5.7,1,60.5,73.6,0
5.85,3,8.5,0,6.3,5.1,3,60.0,71.1,0
7.47,5,7.0,1,5.9,7.4,4,72.7,73.8,1
7.04,1,6.9,0,4.2,4.7,0,57.9,50.9,0
8.31,2,5.0,0,5.2,6.1,2,82.8,46.1,1
6.45,3,7.9,1,8.0,6.6,1,51.8,86.2,1
5.93,0,5.0,0,2.5,3.1,1,35.0,37.7,1
5.12,3,4.9,0,5.6,4.6,1,50.7,43.2,1
6.93,1,6.1,0,4.4,4.4,0,66.0,45.8,0
7.81,4,6.2,0,6.3,5.4,4,76.1,59.2,1
7.71,4,7.5,0,5.8,5.5,2,68.7,69.1,0
5.92,2,5.7,0,6.9,6.5,1,58.9,51.1,0
7.73,4,5.6,0,7.7,7.2,2,84.6,62.1,1
7.43,5,7.6,0,7.6,7.1,3,79.9,69.6,0
8.03,5,8.5,1,7.2,7.4,3,73.9,83.1,1
5.67,2,5.6,0,4.9,3.5,2,50.3,53.7,0
5.28,1,6.2,0,3.8,4.2,1,35.0,39.8,0
6.31,2,6.6,0,6.1,6.0,1,57.8,60.5,0
7.24,3,7.2,1,7.8,7.2,2,72.5,62.6,1
7.95,0,7.0,0,4.1,5.6,0,68.8,65.5,1
6.5,2,6.0,1,5.2,6.1,4,66.7,46.3,0
7.12,3,5.1,0,6.4,5.5,0,65.3,59.0,1
7.07,2,8.5,0,6.0,6.2,1,70.0,73.6,1
7.02,4,8.2,0,7.6,7.2,2,80.9,76.9,1
7.02,0,5.7,0,5.3,3.5,0,64.5,44.6,0
6.45,3,4.1,0,6.5,5.2,2,72.4,47.9,0
6.03,2,6.4,0,4.3,4.8,0,55.3,43.8,0
5.57,1,6.3,0,5.2,4.6,0,39.9,48.2,0
7.66,3,5.8,1,7.1,5.8,3,80.9,62.0,1
7.75,5,5.6,0,6.5,7.4,2,72.2,57.9,1
7.95,4,7.0,1,5.8,5.9,2,66.7,63.9,1
5.62,3,6.2,0,5.2,3.5,3,45.0,48.0,0
6.79,2,7.4,1,5.0,5.6,1,63.9,64.2,1
6.93,4,6.4,1,7.0,6.2,2,72.1,66.0,1
5.89,1,4.1,0,5.2,5.1,1,51.0,47.2,0
7.61,3,8.2,0,7.7,7.4,1,94.2,73.1,1
8.3,6,6.1,0,8.4,8.9,3,86.6,74.5,1
6.58,5,6.5,1,7.7,7.7,2,71.5,75.3,1
6.0,2,9.3,0,3.8,3.7,1,47.5,63.7,0
6.89,0,6.3,0,4.2,3.8,0,71.0,55.5,0
7.56,2,5.3,0,5.0,5.7,2,67.3,44.3,1
6.31,3,6.2,0,6.5,6.0,2,58.4,56.0,0
7.2,5,7.0,0,8.0,8.2,3,67.3,84.2,1
5.44,2,7.0,0,6.9,7.1,1,54.3,63.7,0
8.72,3,5.4,1,7.6,6.8,1,90.4,63.6,1
6.5,3,5.3,0,6.3,5.9,2,62.0,51.0,0
6.5,1,9.0,0,5.1,5.0,1,55.8,71.4,0
6.78,2,5.9,0,6.4,5.1,1,65.0,49.4,1
6.57,4,5.1,0,6.7,5.3,2,62.9,59.5,0
6.46,3,7.4,1,5.4,4.8,4,64.9,57.4,1
6.28,3,6.7,0,7.1,6.4,1,59.6,62.8,1
5.99,4,8.0,0,7.1,5.9,1,62.3,73.4,1
7.83,6,8.3,0,8.2,8.5,3,77.3,78.0,1
6.86,3,7.0,1,5.4,5.6,1,64.5,61.2,1
8.31,7,7.0,1,9.0,8.9,3,84.5,84.2,1
5.07,2,6.4,0,5.9,4.1,2,50.0,51.4,0
7.96,4,5.6,1,7.9,7.9,1,76.2,66.2,1
5.73,4,6.5,0,6.2,6.1,2,49.6,66.2,0
6.86,1,7.5,0,3.6,2.5,0,68.2,58.1,0
6.34,3,7.7,1,6.4,6.7,2,71.3,67.8,1
8.26,5,6.7,0,8.7,8.8,2,86.2,71.8,1
8.02,3,6.5,1,7.7,6.9,1,95.2,83.4,1
8.15,5,6.8,1,7.2,5.6,0,78.5,56.0,1
8.56,4,7.6,0,5.9,6.9,2,72.2,90.4,1
6.11,5,6.3,0,6.0,6.1,3,55.3,64.7,0
6.99,2,6.7,0,5.0,5.6,1,63.3,66.9,1
5.06,1,6.3,0,5.2,4.8,0,43.8,64.2,1
7.91,3,6.3,1,7.6,7.8,1,75.1,68.1,1
5.2,1,6.7,0,6.1,5.9,2,53.5,68.0,0
7.1,4,5.6,0,6.7,6.7,2,81.5,62.7,1
8.18,2,5.8,0,7.8,6.4,1,90.2,57.1,1
5.43,0,5.2,0,6.2,5.4,0,51.0,47.1,0
7.87,1,6.1,0,6.3,5.2,2,78.5,65.2,1
7.17,5,6.5,1,7.3,7.1,2,65.1,68.4,1
7.69,4,5.8,1,5.0,5.4,3,68.8,53.2,1
7.87,6,6.2,1,6.8,7.3,3,76.7,58.4,1
6.71,3,8.1,0,5.6,5.7,3,55.1,67.3,1
5.52,3,7.3,0,6.6,6.9,2,47.4,63.4,0
7.01,0,5.7,0,3.8,3.9,0,51.9,37.8,0
7.24,4,7.1,1,5.3,5.3,3,63.6,76.3,1
7.07,2,6.6,0,7.3,6.7,1,72.0,61.7,1
5.55,3,3.6,1,5.4,5.5,3,56.1,50.7,0
7.8,5,6.2,0,7.7,8.6,2,83.1,71.7,1
7.15,0,5.7,0,4.7,5.0,3,52.6,66.5,0
7.32,1,5.6,0,6.8,6.2,2,67.5,66.9,1
6.45,2,6.8,0,6.7,5.8,2,69.6,58.7,1
8.42,6,7.4,0,9.6,9.5,2,88.2,83.8,1
8.03,3,8.8,1,9.5,8.2,2,84.6,81.9,1
6.14,1,6.2,0,6.1,6.0,1,53.7,62.0,0
7.31,4,5.4,0,6.1,5.7,2,73.3,60.9,1
8.71,7,7.1,1,9.7,10.0,2,100.0,88.5,1
6.42,3,7.5,0,5.7,5.8,0,53.9,62.2,0
6.48,3,7.0,0,6.2,5.5,3,68.8,59.5,1
8.31,3,6.4,0,5.4,4.8,2,78.2,53.9,1
7.7,4,5.1,0,5.3,6.1,4,76.4,45.7,1
6.97,4,4.1,0,8.0,7.8,2,74.2,57.3,1
8.28,2,9.0,0,7.8,8.1,2,79.0,92.2,1
6.06,0,6.1,0,4.4,5.3,1,67.7,66.4,0
8.81,6,8.6,1,8.9,9.7,4,94.8,92.4,1
7.52,2,7.0,1,8.1,7.7,2,77.5,70.5,1
6.75,1,6.8,1,4.7,4.7,0,59.3,64.8,0
8.15,2,4.4,1,6.7,5.9,1,92.6,47.9,1
6.74,2,5.2,0,4.6,4.8,1,58.7,50.2,0
7.58,2,6.5,0,7.2,7.1,0,74.2,64.0,0
6.94,0,7.0,0,4.3,3.8,0,47.6,67.6,0
5.8,3,6.9,0,5.9,4.7,1,65.7,67.2,0
6.25,3,4.4,0,4.5,4.3,2,60.7,43.8,0
7.11,5,7.3,0,5.0,5.8,2,78.9,60.9,1
7.26,5,5.3,0,6.3,7.2,5,79.6,63.4,1
8.03,2,6.7,0,5.1,4.7,2,85.4,58.6,1
6.17,1,5.6,0,3.4,3.7,3,65.8,52.8,0
6.34,3,7.1,1,6.0,6.3,2,63.4,69.7,1
7.7,2,8.2,0,6.2,6.0,2,86.3,66.8,1
6.13,0,5.7,0,5.5,5.2,1,60.3,52.4,0
6.4,2,5.8,0,5.8,5.2,1,54.5,52.8,0
5.08,1,5.3,0,6.3,5.8,0,45.9,50.7,0
6.31,4,6.8,0,7.4,7.2,3,75.3,60.2,1
7.44,3,7.3,1,8.7,6.8,2,78.8,77.9,1
5.15,0,7.4,0,2.5,2.5,0,35.0,56.5,0
7.2,3,7.2,1,6.9,5.3,4,69.9,67.2,1
7.96,3,6.8,1,8.0,7.4,0,83.4,72.7,1
6.67,1,6.3,0,7.1,6.7,1,67.0,59.8,1
7.68,3,4.9,0,6.9,6.5,1,92.4,53.1,1
8.09,6,9.2,1,8.9,9.2,3,84.4,84.3,1
6.82,1,4.8,1,6.5,7.4,0,68.7,47.6,1
5.11,1,8.0,0,5.1,4.6,1,44.3,69.2,0
8.24,7,5.8,0,9.6,9.0,4,95.4,66.5,1
7.03,3,7.1,0,5.7,5.7,1,66.1,63.1,1
8.49,6,7.8,1,7.9,7.9,4,77.2,90.9,1
6.51,3,5.2,0,6.1,5.2,2,55.1,43.5,0
4.73,0,4.4,0,4.6,3.5,2,38.0,53.5,0
7.34,5,8.0,1,7.9,7.6,4,78.3,72.2,1
7.29,5,8.0,1,7.8,8.0,2,77.9,87.9,1
7.46,3,5.5,0,6.9,5.5,1,69.6,50.7,1
8.83,4,7.3,1,9.2,8.2,2,100.0,79.8,1
7.07,3,5.7,1,4.8,5.9,2,67.2,54.8,1
6.11,5,6.7,0,7.3,6.1,1,50.4,64.0,1
7.34,2,4.8,0,5.6,5.9,2,54.8,47.2,1
6.48,4,6.3,0,8.1,6.3,1,67.1,71.0,1
7.06,0,6.2,0,4.4,4.1,0,70.5,66.2,0
6.46,1,7.4,0,4.8,3.5,1,60.7,71.2,0
9.06,5,9.7,1,8.4,8.2,3,100.0,86.2,1
9.13,5,7.6,1,9.0,8.8,2,100.0,82.8,1
7.07,3,5.6,0,6.1,5.7,2,62.8,54.4,1
6.67,2,7.0,0,6.1,5.2,2,51.2,54.3,0
7.06,1,5.4,0,5.4,4.4,1,60.5,57.1,1
6.32,3,5.7,0,6.5,5.3,2,48.1,54.4,0
5.82,4,6.5,1,6.5,6.5,3,58.0,62.6,1
7.21,5,5.6,0,8.1,7.3,3,73.4,77.2,1
7.22,3,4.7,0,6.6,4.9,1,64.3,41.2,0
6.37,5,8.9,1,7.2,8.8,2,66.7,86.6,1
8.57,4,4.5,1,7.3,7.6,2,100.0,51.0,1
7.66,4,6.1,1,6.7,6.3,3,68.2,70.3,1
5.91,3,8.3,0,7.7,6.9,2,68.1,76.6,1
7.52,4,5.9,1,6.6,6.1,2,67.3,57.1,1
7.0,3,5.4,0,5.0,6.5,3,64.2,57.2,1
6.74,3,5.9,1,5.9,6.1,2,63.0,77.3,1
8.04,3,6.8,0,5.1,7.0,0,85.6,61.9,1
5.35,2,5.4,0,3.4,2.9,1,49.5,49.3,0
5.94,0,6.6,0,3.5,3.7,1,49.4,44.4,0
6.24,3,6.2,0,5.7,4.6,4,50.1,48.3,0
6.57,3,7.4,0,5.2,5.8,3,61.6,67.1,1
6.37,3,4.8,0,6.4,6.1,3,61.2,47.6,1
6.75,2,5.0,0,5.7,4.5,0,65.3,54.0,0
6.52,4,7.7,0,6.7,6.0,4,71.1,59.7,1
5.82,0,3.7,0,2.9,2.5,2,47.1,35.0,0
5.29,2,7.7,0,6.0,5.0,2,57.7,59.0,0
6.96,1,6.4,1,4.1,5.6,2,58.9,65.6,0
7.62,2,8.0,1,7.2,6.0,1,74.6,70.9,1
6.45,2,6.2,0,3.5,4.2,1,49.9,68.2,0
6.73,3,5.2,0,5.6,5.4,2,61.4,54.9,0
8.36,7,7.5,0,10.0,10.0,2,87.9,86.5,1
7.01,2,6.7,1,6.7,6.4,1,62.7,73.0,1
8.23,4,7.0,0,7.9,7.6,1,81.6,63.4,1
8.4,5,7.3,0,5.8,5.2,2,77.6,67.2,0
7.66,7,7.3,1,9.7,9.4,3,100.0,72.1,1
5.75,1,4.4,0,4.6,4.9,2,48.3,43.1,0
5.93,1,4.8,0,3.9,4.7,2,49.9,39.8,0
7.51,5,7.7,1,7.3,7.8,2,78.0,80.5,1
7.71,3,7.5,0,6.5,6.4,2,79.5,69.4,1
6.84,3,7.1,0,5.8,5.5,2,65.2,62.8,1
6.41,0,7.5,0,5.2,4.7,0,44.2,53.2,0
9.25,5,7.5,1,8.4,8.1,3,94.5,83.2,1
7.33,3,6.1,0,4.0,3.9,1,63.7,57.4,0
6.07,4,4.8,1,5.4,5.3,0,61.5,66.0,0
6.91,3,5.4,0,3.7,4.2,0,79.8,35.0,0
5.51,1,7.1,0,5.6,5.6,0,58.3,63.1,0
7.42,5,6.5,0,7.2,6.1,2,71.8,72.7,1
5.95,0,5.7,0,2.5,2.5,2,52.1,51.7,0
7.75,2,5.8,0,6.4,6.9,1,64.1,59.9,1
7.05,3,7.7,0,7.0,6.3,1,76.3,64.6,1
5.83,1,6.7,0,4.5,4.0,2,54.9,54.5,0
5.34,1,5.6,0,5.0,6.4,1,48.8,54.2,0
5.7,3,5.8,1,4.4,4.0,2,50.3,44.8,1
8.49,6,6.3,1,7.6,8.3,3,89.3,69.9,1
9.36,7,6.3,1,9.8,9.6,4,97.4,75.3,1
7.63,3,6.3,0,7.9,7.6,0,90.8,67.8,1
6.49,2,6.8,0,7.8,5.4,1,55.7,66.1,1
6.98,2,8.1,0,7.1,5.6,2,79.7,88.5,1
6.44,5,6.3,1,7.3,6.8,0,67.3,72.6,1
6.85,0,6.2,0,3.7,3.9,0,55.1,55.5,0
7.84,3,7.7,0,6.7,5.7,1,66.3,79.1,1
7.53,3,6.5,1,7.7,5.9,2,81.4,67.9,1
5.79,1,6.5,0,6.7,6.1,0,55.2,72.9,0
7.05,4,6.1,0,6.8,5.9,2,75.5,67.2,1
7.32,2,7.3,1,6.9,6.6,2,70.7,64.9,1
8.63,2,6.0,1,7.4,7.5,2,83.1,50.0,1
7.3,3,7.2,1,7.6,7.6,2,65.2,73.5,1
7.01,1,7.6,1,4.6,4.9,2,69.1,54.5,0
6.97,1,6.1,0,5.4,4.8,1,62.4,60.6,0
7.07,4,5.5,0,6.8,7.3,3,73.8,58.2,1
6.63,4,4.5,1,6.0,5.4,3,70.8,51.9,0
8.51,8,8.9,1,9.7,9.3,4,98.8,90.7,1
6.79,1,4.9,0,6.8,5.5,1,66.6,60.4,0
7.14,2,4.3,0,7.2,5.6,3,73.6,58.1,1
7.52,3,6.6,0,5.8,6.4,2,68.7,62.0,1
7.02,2,5.1,0,5.2,5.5,2,69.6,58.5,0
6.17,3,4.9,0,6.3,6.6,1,47.3,52.7,0
6.68,4,7.2,0,8.3,7.8,1,78.4,62.3,1
6.39,3,6.6,0,6.1,5.9,3,66.4,68.4,1
6.63,1,8.3,1,7.0,7.4,1,66.7,87.2,1
8.48,3,8.0,1,8.4,6.5,2,84.1,71.8,1
8.62,3,8.3,0,6.3,5.6,2,79.3,75.9,1
6.4,2,6.0,0,4.8,4.0,2,53.6,60.5,0
6.32,1,4.6,0,5.4,5.2,0,61.0,48.8,0
7.57,5,6.9,1,6.4,6.7,3,72.8,68.1,1
7.94,5,6.2,1,8.3,7.0,3,83.5,75.3,0
7.72,3,6.5,0,6.1,6.4,2,74.6,56.5,1
6.79,3,4.6,0,5.2,5.4,1,61.4,54.7,0
7.5,2,8.4,1,4.9,5.4,2,58.7,68.6,1
6.12,2,4.6,0,6.5,5.0,1,57.3,37.3,0
5.99,3,7.0,1,6.2,5.9,1,59.9,76.3,1
7.31,4,8.2,0,7.8,7.3,3,78.7,74.1,1
6.37,4,7.2,0,7.5,7.1,1,71.3,66.1,1
6.79,1,7.2,0,3.7,4.4,2,58.6,53.7,0
6.91,6,7.4,1,9.4,9.7,4,79.0,68.4,1
7.15,3,5.9,1,7.9,7.1,0,78.3,65.7,1
6.17,1,6.5,1,5.3,4.7,1,51.1,67.8,0
6.95,6,7.7,1,8.2,7.7,1,72.3,82.2,1
8.14,1,5.8,0,5.9,5.1,2,78.4,64.2,1
7.43,3,5.9,0,4.7,5.0,0,58.7,62.1,0
6.95,3,6.9,0,6.3,5.9,2,74.3,69.5,1
7.38,2,5.2,0,6.4,6.0,4,72.4,52.0,1
7.02,3,6.5,1,6.9,6.5,1,61.6,54.2,1
6.82,3,7.2,1,6.0,5.3,1,78.6,51.8,1
6.93,0,5.4,0,2.5,3.6,0,54.6,38.5,0
7.78,3,5.9,0,5.2,5.6,1,81.3,75.3,0
7.79,5,8.2,1,7.4,6.8,2,72.9,82.4,1
6.23,0,6.0,0,6.1,5.9,0,59.2,37.9,0
6.11,3,7.2,1,6.8,6.4,1,62.5,65.1,1
7.7,2,6.7,1,7.2,6.9,2,79.3,58.5,1
7.8,3,7.1,0,7.8,8.2,2,78.4,70.5,1
6.17,2,7.6,0,6.2,5.5,1,61.1,75.1,1
6.31,2,5.8,0,4.8,4.1,1,66.7,51.7,0
6.06,1,6.9,0,6.1,6.8,0,49.9,58.1,0
7.75,3,6.8,0,6.8,5.3,2,80.2,72.7,1
6.62,2,6.8,0,6.0,4.7,1,56.5,67.5,0
8.01,3,5.3,1,7.7,6.9,1,75.6,67.4,1
6.84,3,5.1,0,6.3,5.8,1,64.8,45.7,1
7.14,6,7.4,1,9.3,8.4,5,80.1,82.6,1
7.3,4,6.2,1,6.7,6.1,4,70.6,66.4,1
7.03,0,7.5,0,4.3,4.3,0,56.3,66.2,0
5.55,2,7.5,0,6.1,5.4,2,55.2,71.2,0
6.52,1,6.4,0,4.8,5.2,2,61.1,57.4,0
6.44,6,5.7,1,9.2,8.4,2,81.2,79.5,1
5.56,0,4.9,0,3.6,4.4,3,39.8,38.1,0
6.78,2,6.8,1,3.9,4.6,3,57.9,64.4,1
7.13,2,5.7,1,5.8,5.3,1,61.8,59.6,1
8.43,5,6.8,0,8.5,10.0,3,85.9,81.9,1
7.34,5,6.3,1,6.6,7.5,1,62.8,75.1,1
6.78,4,6.2,0,6.7,7.6,4,71.2,53.6,1
7.47,7,8.3,1,7.9,8.1,5,86.0,82.8,1
6.94,1,6.3,0,5.5,6.3,1,65.1,49.9,1
5.62,0,4.8,0,4.3,3.6,0,45.5,47.0,0
7.16,2,5.8,1,6.6,5.2,0,68.2,65.3,1
6.5,4,6.3,0,6.2,6.0,4,71.8,67.8,1
5.92,3,5.8,0,6.4,6.3,2,52.1,51.9,0
9.15,5,5.5,1,8.5,7.3,4,87.7,67.7,1
7.3,7,8.1,1,8.1,6.5,2,71.9,91.1,1
8.3,6,6.3,1,8.2,8.5,2,93.1,70.5,1
7.47,4,7.5,0,5.6,6.2,2,71.1,61.5,1
6.77,2,6.8,0,5.9,5.2,2,60.5,71.2,0
8.31,1,7.4,1,6.2,4.2,0,83.5,75.8,1
5.76,3,7.0,0,6.3,5.6,1,54.1,65.6,0
7.54,3,6.7,1,6.7,5.8,2,89.7,52.8,1
6.45,1,7.7,0,5.4,5.1,1,61.0,80.3,1
7.64,3,7.6,1,5.7,5.1,2,60.7,81.0,1
5.82,2,4.4,0,5.4,3.9,2,56.9,40.0,0
6.02,1,8.2,0,4.7,5.1,1,50.7,62.1,0
6.54,2,7.5,0,5.8,6.7,1,53.9,67.7,1
6.22,0,5.8,0,4.3,4.4,0,64.1,42.2,0
6.46,5,6.7,1,9.6,7.7,2,59.3,87.1,1
6.41,4,7.6,0,5.9,6.7,3,72.5,72.8,0
7.3,5,8.0,1,6.5,6.5,2,71.2,82.5,1
7.28,4,6.9,0,6.4,6.1,2,76.5,68.2,1
7.63,2,7.0,1,6.9,7.1,3,88.4,77.4,1
5.72,1,7.0,0,5.8,5.9,2,52.5,58.9,1
9.45,7,6.6,1,8.8,9.0,2,93.7,64.6,1
6.75,1,9.2,1,7.6,7.8,1,64.5,79.1,1
6.54,3,7.2,0,6.7,7.5,2,72.9,59.9,1
7.8,1,7.7,1,7.0,7.1,2,77.5,72.6,1
7.56,4,6.6,0,7.7,6.6,1,69.7,72.1,1
6.46,3,5.2,0,5.6,5.1,4,49.7,53.9,0
8.88,5,6.8,1,10.0,8.4,2,86.5,80.7,1
7.63,3,7.8,0,6.7,6.1,2,73.6,72.6,1
5.52,2,6.9,0,4.3,4.7,0,47.3,66.5,0
7.23,2,5.6,0,6.8,6.1,0,68.4,59.5,1
6.7,3,6.2,1,6.2,5.4,4,59.9,60.5,1
5.59,3,6.6,0,6.3,5.6,2,52.8,56.8,0
6.15,2,5.8,0,6.8,6.3,0,64.8,52.0,0
7.87,2,4.5,0,6.6,7.0,1,78.7,55.4,1
6.64,1,4.8,0,3.4,3.8,2,48.7,57.4,0
5.37,2,5.1,0,5.2,4.9,1,48.7,53.1,0
7.54,5,5.9,1,8.0,6.1,2,86.1,57.1,1
7.33,4,5.6,0,8.3,7.5,2,76.5,62.8,1
6.3,2,5.5,0,6.2,7.0,1,58.6,58.7,0
6.01,2,3.3,0,4.4,4.9,4,52.2,52.2,0
7.73,4,6.7,0,8.6,8.1,0,82.3,76.1,1
6.5,3,6.6,0,5.0,4.1,3,61.5,54.0,0
7.12,2,7.2,0,6.4,6.2,0,64.7,60.3,1
6.5,2,5.0,0,5.8,6.1,2,66.9,41.0,0
7.9,2,7.8,0,5.1,4.8,1,71.4,71.0,1
6.16,2,7.9,1,5.0,5.7,1,52.6,61.8,0
5.69,3,7.9,0,5.3,6.5,3,65.3,75.9,1
6.69,4,7.1,1,7.6,7.6,1,63.5,71.9,1
8.39,3,6.2,1,7.0,6.8,2,83.5,59.6,1
6.83,2,6.9,1,6.9,6.2,2,80.9,67.9,1
4.76,2,5.0,0,7.2,5.4,2,35.0,56.8,0
8.06,3,7.9,1,7.9,7.2,1,84.4,65.9,1
6.67,1,5.6,0,4.8,4.9,1,57.0,60.8,0
8.14,5,6.6,0,7.1,7.2,2,90.8,60.3,1
5.8,2,4.2,0,6.1,5.2,1,59.3,51.0,0
6.82,2,7.5,0,4.9,5.4,2,59.1,52.0,0
7.29,3,7.7,0,7.1,6.2,2,72.5,93.0,1
6.31,1,6.1,0,4.6,4.3,1,67.2,55.0,0
8.55,4,4.8,0,9.0,7.8,2,75.9,65.7,1
6.07,0,4.4,0,3.7,4.0,1,43.9,51.6,0
8.9,4,7.5,0,7.8,7.2,1,93.8,82.4,1
6.91,1,7.2,0,4.5,4.4,0,63.8,54.8,1
6.34,1,8.7,0,4.9,5.1,1,61.4,67.2,0
7.46,3,7.0,0,7.3,6.2,2,90.3,55.7,1
7.16,3,6.9,0,6.9,6.9,2,85.1,58.8,1
6.94,5,8.6,1,7.7,7.3,3,71.3,78.0,1
6.93,2,5.8,0,5.6,5.2,1,54.9,52.1,0
8.56,4,6.0,1,8.3,8.4,1,78.0,55.6,1
4.98,1,7.4,0,4.1,5.3,2,41.0,59.9,0
7.92,7,8.2,0,8.3,8.9,3,82.2,73.7,0
7.35,4,8.2,1,5.7,6.8,3,81.0,68.9,1
6.41,3,8.2,0,5.8,5.6,3,54.5,73.9,1
6.18,6,7.3,0,6.5,6.6,3,58.2,74.4,1
6.48,2,5.3,0,6.0,6.0,1,57.3,55.6,0
7.97,4,6.4,0,5.8,6.9,2,80.0,54.9,1
6.98,1,3.1,0,3.3,2.6,3,49.6,35.3,0
8.28,5,8.0,1,9.1,9.5,3,88.2,81.2,1
6.77,4,6.8,1,9.3,8.8,0,75.3,80.4,1
7.23,3,8.3,1,6.8,6.5,2,74.7,62.4,1
7.82,4,5.4,0,6.4,6.0,1,82.1,47.5,1
9.04,4,7.3,1,7.3,6.9,1,93.2,67.1,1
6.86,3,6.5,1,6.5,6.5,2,70.4,62.8,1
5.76,2,6.2,0,5.6,3.9,2,44.5,52.3,0
7.31,4,5.3,1,6.5,6.5,2,82.4,56.8,1
6.57,3,7.0,0,7.2,6.9,0,67.5,65.2,0
6.7,2,5.8,0,6.9,5.9,2,65.3,62.7,1
6.97,5,6.3,1,7.8,5.9,3,64.8,79.7,0
5.69,3,5.9,0,4.3,5.1,1,64.2,62.1,0
7.38,2,6.8,0,5.7,5.3,2,71.3,57.5,1
5.92,2,4.6,0,4.9,4.8,1,60.3,45.1,0
7.04,1,6.7,0,7.5,7.5,0,81.0,68.3,1
6.67,1,6.8,0,4.6,4.5,0,44.8,44.1,0
7.55,4,4.4,0,6.8,5.7,2,71.6,46.5,1
6.77,1,5.9,0,5.8,5.5,1,70.2,64.6,1
7.74,3,5.8,0,5.8,5.8,1,77.5,59.3,1
7.48,4,7.2,0,7.0,7.3,2,74.2,71.7,1
6.77,2,6.5,0,4.4,5.3,2,72.9,55.8,0
6.99,2,5.9,0,5.3,5.8,0,55.9,59.3,0
6.83,2,6.8,0,6.4,5.2,1,62.5,63.9,1
9.16,6,7.7,0,8.2,7.4,3,100.0,95.0,1
5.13,0,4.9,0,3.3,3.5,0,35.0,43.8,1
6.87,3,7.5,1,7.7,7.8,2,83.7,81.5,1
5.52,3,6.9,0,4.6,4.9,2,49.8,59.2,0
6.91,3,7.0,1,5.8,6.0,2,77.1,65.7,1
7.65,1,8.5,0,5.3,5.2,2,76.8,72.7,1
8.4,4,6.0,1,7.0,7.0,3,95.5,57.3,1
6.52,2,6.4,0,6.3,6.4,1,68.9,54.5,1
8.3,4,7.7,0,6.6,6.2,1,87.1,68.0,1
6.38,0,4.6,0,3.4,4.1,0,56.5,46.7,0
6.17,1,4.0,0,5.4,5.4,0,51.9,65.3,0
8.76,5,4.2,1,6.8,7.2,4,87.6,55.6,1
5.74,0,3.7,0,4.0,3.0,1,52.5,35.0,0
6.51,5,8.0,0,7.1,7.3,2,67.9,65.5,1
7.46,1,7.0,0,5.7,5.9,0,74.1,70.0,1
8.13,6,6.8,0,7.2,8.3,2,91.1,77.2,1
6.79,3,4.9,1,7.1,7.1,3,69.8,41.9,1
7.53,4,7.5,0,5.3,6.5,2,77.2,63.3,1
7.47,5,4.2,1,7.2,7.4,4,87.1,58.7,1
8.66,6,6.9,1,9.3,8.0,2,94.0,66.0,1
7.9,3,6.6,1,4.6,3.7,1,66.9,59.0,1
5.76,0,6.3,0,5.5,5.9,0,48.1,57.9,0
9.31,4,6.6,1,6.6,6.7,1,89.8,65.1,0
6.48,5,6.4,0,8.6,7.8,3,67.7,67.7,1
6.6,1,6.8,0,5.9,5.8,1,62.2,60.4,0
7.25,0,5.0,0,5.0,6.0,1,63.7,70.1,0
4.7,0,5.4,0,4.7,3.8,2,46.7,42.5,0
7.35,1,6.8,0,5.4,5.9,2,74.8,59.1,1
6.16,0,3.9,0,5.5,5.8,0,48.3,47.3,0
6.79,2,5.7,1,6.2,6.1,1,72.7,63.3,1
5.71,1,4.5,0,5.4,5.8,0,46.3,54.1,0
7.54,5,7.6,1,9.0,7.4,4,68.4,76.8,1
7.73,3,7.8,0,8.3,7.2,0,67.9,63.3,1
6.62,3,5.0,0,7.4,7.5,0,62.4,62.4,1
6.29,1,5.1,0,5.1,5.2,2,66.2,50.5,0
5.6,4,8.0,0,6.8,7.1,3,54.5,76.9,1
6.77,3,8.1,1,4.9,6.4,1,70.5,76.0,1
7.66,6,7.0,1,9.0,8.5,2,88.1,73.4,1
6.81,2,6.2,0,4.6,4.1,1,62.2,51.0,0
7.4,7,6.2,0,7.8,8.9,3,94.2,73.3,1
7.02,2,5.9,0,6.4,5.1,2,80.7,57.4,1
7.46,3,5.8,0,7.7,7.1,2,74.3,56.7,1
6.58,3,6.6,0,7.2,7.9,3,65.0,76.5,1
6.67,0,3.6,0,3.9,3.7,0,68.7,35.0,1
7.35,0,8.0,1,5.0,4.7,0,57.0,67.8,1
6.79,4,3.0,0,6.8,6.6,3,70.2,35.0,1
7.64,4,5.5,0,7.2,7.9,2,76.6,50.0,1
6.93,1,6.0,1,5.7,5.6,2,63.1,65.6,1
8.33,2,5.9,0,6.0,5.6,3,79.0,55.0,0
6.24,1,5.7,0,5.8,6.0,0,60.6,61.0,0
5.78,0,5.0,0,3.6,3.8,0,46.1,47.6,0
5.71,2,5.4,0,6.2,6.3,1,56.0,50.7,0
6.95,5,6.3,1,5.9,7.0,2,67.8,57.9,1
8.58,4,6.4,1,6.3,5.7,2,89.4,59.6,1
6.68,2,6.3,1,7.3,6.4,0,54.4,75.7,0
7.85,3,5.1,0,7.9,6.8,3,75.8,50.5,1
7.11,4,5.9,1,7.4,7.8,3,64.7,65.5,1
7.18,3,6.0,1,5.7,5.3,1,68.2,69.1,1
7.31,2,6.9,0,3.6,4.5,2,68.8,63.9,0
7.92,4,7.5,1,7.6,6.9,1,83.2,75.5,1
6.96,0,6.2,0,5.9,4.5,0,62.0,50.6,0
6.15,2,6.2,0,5.8,4.8,0,63.4,59.1,0
6.62,2,5.7,0,6.1,4.8,0,57.8,56.4,1
5.0,1,4.8,0,3.1,4.0,1,35.0,47.8,0
7.95,6,6.7,1,9.0,8.2,3,78.6,72.0,1
7.0,1,7.9,0,4.2,4.6,3,63.4,57.8,0
6.57,3,5.9,1,6.7,6.5,1,57.3,51.7,1
6.74,2,5.4,0,6.8,5.3,3,60.5,56.4,1
7.17,3,4.1,0,6.0,6.5,1,55.6,53.6,1
4.95,2,5.7,0,5.4,4.6,1,50.7,52.6,0
6.07,2,8.9,0,7.6,7.1,0,51.2,74.9,1
5.95,2,6.6,0,4.9,4.8,1,65.3,56.6,0
6.14,3,7.4,0,7.1,7.0,2,69.8,60.3,1
8.29,2,6.7,0,6.4,6.8,1,81.2,65.8,1
7.48,4,7.8,1,6.0,6.2,3,62.1,74.8,1
7.13,4,8.6,0,6.8,7.5,1,74.0,73.4,1
7.27,4,6.2,1,9.1,8.7,4,73.7,75.7,1
7.16,0,5.6,0,5.4,4.4,0,73.1,52.8,0
7.63,3,7.0,0,5.9,6.5,3,62.1,64.2,1
8.1,3,9.3,1,6.0,6.0,3,82.2,83.9,1
6.99,4,7.8,0,6.9,6.7,3,84.0,83.8,1
6.87,4,8.4,1,5.6,4.9,1,66.9,67.0,1
5.82,4,6.1,0,5.0,3.2,2,45.7,48.0,0
9.8,0,6.6,0,8.0,8.5,1,100.0,68.9,1
6.62,0,5.2,0,4.4,4.2,1,47.5,54.1,0
7.66,4,5.5,0,9.2,8.5,3,79.5,69.8,1
8.92,5,6.6,1,6.4,6.0,2,95.1,69.5,1
7.58,5,7.9,1,6.3,6.0,2,75.6,74.6,1
8.09,4,6.6,1,6.6,7.0,3,80.2,66.2,1
7.37,3,6.0,0,5.7,5.0,2,69.4,50.7,1
6.69,3,5.9,0,5.8,5.6,3,72.3,48.9,0
6.72,0,4.4,0,4.9,3.5,1,63.1,37.9,0
7.31,6,7.1,1,9.0,8.7,4,79.1,67.3,1
7.41,7,7.3,1,8.6,9.1,3,78.8,82.2,1
5.93,2,5.3,0,4.4,5.7,0,64.0,56.9,0
7.63,4,8.6,1,6.0,5.8,1,74.8,79.4,1
5.96,3,7.6,0,6.6,6.4,3,68.6,75.0,1
5.28,2,6.6,0,5.1,5.0,2,44.5,58.9,0
7.22,2,7.8,0,6.9,5.3,1,66.4,63.7,1
7.14,1,4.5,0,5.1,4.5,0,74.9,42.4,0
6.62,1,4.9,1,5.9,6.0,0,60.5,58.1,0
7.37,3,5.8,0,7.4,6.4,1,76.1,56.1,0
8.06,8,9.4,1,9.7,10.0,3,100.0,90.2,1
5.77,3,4.7,0,6.1,5.9,1,45.5,45.4,0
6.83,4,5.6,0,6.8,7.3,3,78.7,61.9,1
6.4,3,5.4,0,4.2,6.5,1,59.3,60.5,0
7.67,4,8.6,0,7.6,7.3,1,75.1,81.4,1
7.62,2,5.8,0,6.9,6.6,1,62.7,63.5,1
7.89,1,7.5,0,7.0,6.1,1,82.8,75.8,1
7.78,1,8.1,0,8.0,5.4,2,79.4,76.2,1
7.55,3,7.6,0,6.0,5.1,2,75.4,65.9,1
7.16,3,4.5,0,4.9,4.0,3,73.2,51.3,1
7.04,4,6.0,0,10.0,8.7,4,79.6,73.1,1
7.44,2,6.9,0,5.9,4.9,2,65.9,56.1,1
8.65,3,6.8,1,7.5,8.3,1,92.9,72.6,0
5.28,1,3.8,0,4.7,5.7,0,51.8,54.2,1
7.28,1,5.5,0,6.8,5.7,0,67.9,48.1,1
7.06,5,7.6,1,8.0,7.2,3,73.8,64.3,1
6.25,0,6.1,0,4.9,7.2,0,55.5,54.9,0
6.58,4,5.0,0,7.5,6.4,2,61.3,55.6,1
7.87,4,6.8,1,6.3,6.1,2,69.4,66.9,1
6.73,0,6.6,0,6.3,5.0,2,61.0,64.8,0
7.56,3,4.2,1,6.6,5.9,2,76.9,51.3,1
5.98,4,7.3,0,5.4,3.8,1,51.3,62.0,0
7.29,4,9.2,1,7.8,6.5,2,69.6,75.1,1
7.26,2,6.1,0,6.4,6.2,1,78.3,57.6,1
8.65,4,6.3,1,10.0,8.0,3,90.0,66.1,1
7.44,3,6.1,1,6.9,6.2,3,68.5,67.2,1
5.97,0,6.6,0,3.4,3.4,0,49.4,38.1,0
6.84,4,5.3,1,6.5,6.8,3,69.1,60.3,1
6.67,2,5.2,0,2.9,3.9,1,58.1,49.4,0
9.05,5,6.1,1,7.1,7.5,3,92.7,64.7,1
6.75,2,6.8,0,5.5,5.7,2,59.3,60.7,1
7.76,5,8.8,0,7.7,7.1,3,83.1,90.7,0
6.47,4,6.3,0,8.9,8.4,0,77.8,72.2,1
6.7,2,4.5,0,6.4,7.3,1,74.6,53.2,1
6.8,3,6.9,0,8.2,6.1,0,76.1,72.9,1
6.83,3,5.5,0,7.8,5.8,2,59.3,44.9,0
8.46,4,7.1,1,6.7,6.1,3,86.3,77.0,1
7.69,4,9.3,1,6.8,6.2,3,73.9,82.8,1
5.19,2,5.6,0,6.1,6.0,0,37.4,44.4,0
5.4,1,5.6,0,4.3,5.2,1,45.0,51.5,0
7.46,6,8.2,0,9.5,9.8,3,79.1,83.4,1
5.43,1,7.4,0,5.3,6.5,1,37.4,54.4,0
7.71,4,9.7,1,6.3,7.1,2,74.6,84.8,1
7.21,3,6.8,0,6.7,6.4,3,75.1,66.3,1
6.8,1,6.5,0,4.7,6.3,1,58.2,59.8,0
7.78,6,7.1,0,7.1,5.8,2,64.5,65.8,1
6.69,2,5.4,0,5.0,5.5,1,65.8,42.8,0
6.61,3,3.5,0,5.5,5.1,1,68.2,50.4,0
6.3,0,5.1,0,4.6,5.0,0,53.2,46.3,0
6.95,4,6.2,0,4.6,3.7,4,48.2,61.5,0
7.14,2,6.9,1,7.2,7.5,1,70.2,64.9,1
7.33,1,7.3,0,2.7,2.7,3,50.7,54.0,0
7.66,3,7.7,0,6.4,6.7,2,68.2,70.4,1
7.15,2,6.3,0,5.3,6.0,0,68.8,53.5,1
6.69,5,6.7,1,6.0,6.5,2,64.8,71.2,1
6.48,2,5.7,0,4.9,4.5,1,53.7,61.0,0
7.01,0,5.5,0,3.8,3.3,0,53.3,45.1,0
6.08,0,6.9,0,5.8,5.3,0,52.5,54.7,0
7.08,4,6.1,0,7.0,6.4,2,78.1,62.6,1
6.03,1,5.0,0,4.6,4.9,2,59.6,38.5,1
6.81,2,5.5,0,5.8,4.9,2,52.9,62.8,0
7.96,5,5.6,1,7.4,6.4,3,81.2,73.7,1
6.61,3,5.1,0,4.4,4.4,2,53.8,52.5,0
6.9,1,5.5,0,5.8,5.1,2,70.3,55.6,0
7.27,2,5.7,0,6.3,5.0,2,59.8,53.1,1
7.19,1,5.7,0,5.3,4.7,1,66.5,50.3,0
6.55,5,8.4,0,7.7,7.4,3,64.6,85.5,1
7.7,3,6.6,0,6.4,6.7,0,73.5,64.4,1
6.8,3,6.0,1,6.4,7.2,1,69.6,61.8,1
7.95,4,7.8,1,9.1,8.3,3,88.3,76.9,1
7.73,5,7.8,1,7.4,6.9,2,89.0,80.3,1
5.1,1,9.0,0,5.5,5.8,1,47.6,75.4,0
6.05,4,7.2,0,5.9,4.9,0,46.7,50.8,0
7.27,3,6.0,0,5.3,5.3,1,70.2,62.2,0
6.92,2,5.6,0,6.6,6.1,0,64.1,50.2,0
7.58,7,6.8,1,7.6,7.9,3,77.1,70.5,1
7.29,2,6.7,0,6.9,8.3,0,78.5,82.7,1
5.29,1,6.7,0,4.2,4.7,1,43.9,50.5,0
6.57,1,6.3,1,4.9,5.5,2,60.6,77.0,0
7.37,2,5.9,0,4.6,3.8,2,60.5,51.6,0
5.87,2,5.4,0,5.9,5.8,1,57.1,59.3,0
6.34,0,7.3,0,3.1,3.1,0,43.5,56.2,0
7.67,3,7.1,0,6.8,6.5,1,71.9,55.8,1
7.32,3,7.4,1,6.2,6.5,3,77.6,78.6,1
5.77,4,6.5,1,6.8,6.9,2,74.0,65.6,1
6.24,5,8.6,0,7.4,8.0,3,75.3,65.3,1
6.61,3,7.4,0,4.2,3.7,3,52.3,57.7,0
6.93,3,7.1,0,4.4,4.4,3,56.4,50.0,0
7.22,4,7.0,0,5.0,5.6,1,69.1,61.7,1
6.4,0,7.1,0,4.6,4.8,1,54.6,53.9,0
6.19,2,6.5,0,4.5,4.1,1,59.8,47.2,0
7.93,2,6.5,1,5.9,5.8,0,70.7,67.4,1
7.99,3,4.6,0,5.1,5.6,0,79.9,54.0,0
7.18,2,6.2,0,4.6,3.7,2,65.1,65.1,0
7.54,3,6.6,1,8.9,8.7,1,71.7,78.0,1
9.51,6,6.9,1,9.5,8.9,3,100.0,80.5,1
7.15,0,7.2,0,4.3,4.9,0,69.4,55.9,0
6.99,6,6.4,1,7.4,7.0,4,76.8,72.3,1
5.98,2,6.8,0,4.9,4.0,2,43.8,42.9,0
6.53,4,6.1,0,6.0,5.1,2,71.8,63.6,1
8.19,3,7.5,0,5.6,5.9,0,75.8,70.2,0
7.48,2,8.2,0,6.8,7.4,1,81.6,88.2,1
6.65,2,7.4,1,7.3,7.9,0,67.1,88.3,1
8.11,4,6.0,1,6.4,6.4,2,79.5,62.1,1
7.09,3,6.7,0,7.2,5.5,2,84.2,75.5,1
5.86,2,4.2,0,4.8,5.7,3,57.7,54.1,0
7.41,5,5.7,1,8.3,8.9,2,79.6,78.2,1
6.52,3,8.4,1,7.1,6.9,1,59.3,93.5,1
4.67,1,6.8,0,4.0,3.8,1,36.9,58.9,0
8.8,4,6.5,0,8.2,8.5,1,97.3,71.9,1
4.5,0,5.7,0,3.6,2.6,1,35.0,35.0,0
7.17,1,4.2,0,6.6,6.3,2,59.8,42.8,0
5.74,1,6.9,0,5.8,5.8,0,50.0,64.0,1
6.1,2,5.9,0,5.0,4.3,2,48.7,44.9,0
6.5,5,6.3,0,7.9,7.7,4,73.0,63.7,1
6.22,1,6.1,0,4.7,4.5,1,59.0,40.2,0
6.59,0,5.2,0,4.8,4.4,2,51.7,46.5,0
7.1,4,8.4,1,6.0,6.2,2,60.8,73.1,1
6.53,3,7.5,0,8.1,7.1,3,70.4,75.3,1
6.81,4,9.7,1,8.2,7.3,2,68.6,89.2,1
5.08,3,8.2,0,6.6,6.4,2,50.7,89.1,0
7.02,1,6.8,0,4.9,4.3,2,72.7,47.0,0
6.62,2,7.4,0,5.0,5.4,1,58.6,62.0,1
5.97,0,5.8,0,5.0,5.4,0,47.1,65.9,0
7.99,4,6.9,1,6.3,6.5,3,75.9,65.2,1
8.63,6,5.8,0,8.0,7.9,4,83.4,60.8,1
5.56,3,7.4,0,6.1,6.3,2,43.0,69.8,0
5.86,0,3.3,0,3.6,4.1,0,54.6,38.9,0
5.7,1,5.9,1,5.3,4.6,2,58.5,52.6,0
5.62,1,6.0,0,5.6,4.2,2,39.0,48.4,0
4.89,1,5.4,0,4.3,3.6,1,35.2,44.7,0
6.19,3,5.7,1,6.8,5.9,1,52.5,59.9,0
8.0,4,7.7,0,7.7,6.4,2,86.5,52.0,1
6.59,3,7.2,0,6.2,5.8,1,58.9,62.6,1
6.25,1,5.4,0,3.6,4.2,1,58.4,37.8,0
6.61,4,6.4,0,4.4,5.0,2,56.9,63.2,0
6.36,0,5.6,0,5.4,6.3,0,46.2,60.5,0
5.8,2,5.8,0,4.1,4.2,2,41.4,54.8,0
7.37,0,6.7,1,4.3,3.7,1,45.6,56.7,0
7.21,3,6.1,0,5.5,5.4,1,66.3,48.8,1
7.31,2,6.0,0,6.6,6.3,1,68.2,54.4,1
5.51,0,3.9,0,2.6,2.5,0,46.2,35.0,1
7.57,6,8.6,1,8.6,7.5,3,73.4,82.1,0
7.12,1,4.6,0,4.5,4.0,1,59.1,37.9,0
5.36,0,6.1,0,2.9,4.8,0,52.8,51.5,0
7.6,5,6.7,0,7.6,7.0,2,74.4,62.2,0
5.4,1,5.3,0,6.1,6.6,0,45.7,49.5,0
8.63,5,6.6,0,7.5,7.5,2,88.5,64.0,1
6.84,4,9.1,1,7.6,7.2,2,84.6,96.0,1
5.72,2,7.5,0,5.3,4.8,1,43.2,73.1,0
7.6,3,6.8,0,6.1,6.8,4,72.6,68.9,1
5.81,2,5.5,0,5.2,5.8,1,49.2,45.8,0
7.68,4,7.6,0,5.9,6.2,3,72.5,62.0,1
9.0,7,8.9,1,9.8,8.6,3,95.7,88.5,1
7.58,0,5.8,0,4.6,3.8,0,68.4,47.2,0
7.26,3,7.0,0,6.2,6.7,0,63.6,60.3,1
7.89,6,7.3,0,8.3,7.8,4,69.7,62.3,1
7.04,2,5.7,1,6.7,6.2,2,82.9,62.4,1
7.11,1,5.2,0,6.3,5.5,0,83.2,51.3,1
7.6,2,7.3,0,5.7,5.1,0,81.9,71.9,1
5.4,0,5.4,0,4.3,4.3,0,39.2,48.1,0
7.5,3,7.5,0,7.3,5.3,2,77.4,56.1,1
8.17,5,6.2,1,9.0,8.8,3,95.3,66.1,1
5.87,3,7.5,0,5.1,4.5,2,61.1,76.1,0
7.54,5,7.7,1,8.7,7.9,3,72.5,88.8,1
7.05,2,6.5,0,4.3,5.5,1,63.7,63.7,0
6.14,5,6.8,0,8.8,7.6,2,58.1,80.3,0
5.41,2,5.7,1,6.0,6.9,3,55.5,49.3,0
7.73,1,6.9,1,5.2,5.1,1,75.3,73.3,1
6.8,3,6.0,1,4.6,5.4,2,58.0,54.3,0
7.82,6,6.6,0,6.9,7.1,3,86.1,70.9,1
6.97,3,5.6,1,6.1,5.5,2,47.1,50.5,1
6.22,4,6.0,0,6.0,5.5,3,67.2,48.3,0
6.32,4,7.5,1,7.2,7.6,1,69.1,85.5,1
6.08,0,6.2,0,5.4,5.3,1,59.9,59.0,0
6.29,3,7.1,1,6.9,6.0,1,66.6,71.5,1
6.73,3,3.6,0,4.9,6.8,1,62.3,47.5,0
6.88,3,6.6,0,7.3,6.6,2,65.5,68.6,1
8.44,3,5.0,1,5.7,5.7,4,99.9,66.1,1
7.08,0,8.7,1,7.2,6.3,1,69.3,88.2,1
6.32,0,7.2,0,3.9,2.5,0,58.1,58.6,0
7.67,2,7.6,0,5.3,4.8,1,67.0,65.0,1
5.86,1,7.0,0,4.1,3.7,2,53.0,46.4,1
6.37,1,6.1,0,6.5,5.3,1,58.4,65.0,0
6.77,4,8.1,1,6.3,6.1,4,73.2,64.3,1
6.3,0,5.2,0,4.2,4.1,0,58.6,44.9,0
6.74,3,6.3,0,7.4,7.2,2,83.4,59.3,1
7.88,3,6.6,0,7.6,6.4,2,90.8,57.2,1
5.93,2,6.8,0,5.4,6.6,2,57.6,70.7,0
6.82,0,4.1,0,2.5,2.5,0,46.0,35.0,0
5.69,3,4.5,0,5.9,5.1,1,55.5,49.4,0
7.31,4,6.2,1,8.4,8.1,2,80.1,67.4,1
7.34,1,5.0,0,4.8,5.6,0,67.7,45.8,0
5.52,1,5.9,0,5.1,4.4,2,51.4,54.0,0
6.22,0,5.5,0,4.9,4.6,0,52.7,48.6,0
7.23,3,7.0,1,5.9,6.0,1,63.9,58.1,1
7.66,3,8.2,0,6.7,7.1,2,78.1,73.0,1
6.06,3,6.8,0,4.6,4.5,1,59.2,54.3,0
5.61,1,5.8,0,6.4,6.2,2,54.9,43.3,0
6.79,4,6.3,0,7.2,6.8,1,62.7,63.7,1
7.22,4,6.0,1,7.3,6.4,1,78.1,52.0,0
7.52,6,10.0,1,8.1,7.4,2,79.6,87.4,1
8.16,5,6.3,0,7.4,7.7,3,95.4,72.8,1
7.54,5,7.5,1,7.0,7.0,3,72.9,72.9,1
6.55,4,8.1,0,6.8,6.2,3,66.6,67.3,1
9.03,6,7.2,1,9.0,7.5,4,100.0,87.3,1
6.29,0,6.1,0,5.8,4.9,0,56.3,55.3,0
6.58,1,4.0,0,4.7,4.4,2,62.8,35.0,0
6.66,3,9.4,1,7.0,5.9,3,74.5,78.7,1
6.68,3,4.9,0,6.5,7.0,2,74.8,61.2,1
7.11,5,7.7,1,6.7,6.1,2,75.4,70.4,1
7.05,5,7.4,1,7.7,7.0,4,72.9,70.4,1
8.31,4,8.2,0,5.6,6.7,3,93.8,74.2,0
6.5,3,5.8,1,4.7,4.4,3,54.1,58.6,0
6.88,1,6.4,0,5.1,4.4,3,66.6,60.2,0
6.71,0,8.8,1,6.0,6.0,0,65.6,72.7,1
6.29,0,5.1,0,4.1,4.6,3,46.8,45.7,0
5.08,1,6.9,0,5.7,4.9,1,44.0,58.1,0
7.56,7,8.1,1,7.5,7.5,5,79.3,76.9,1
6.47,3,7.3,0,6.7,6.7,0,64.7,65.3,1
6.16,1,3.7,0,3.0,3.4,0,41.6,36.3,0
6.7,4,6.9,1,6.4,5.5,2,58.8,67.0,1
7.89,3,5.8,0,5.4,6.8,0,69.2,55.9,1
7.06,2,7.3,0,7.8,7.2,1,70.3,74.6,1
7.42,1,6.2,0,5.1,4.8,1,65.9,60.5,1
6.88,4,6.2,1,6.7,6.8,1,69.6,63.3,1
7.5,2,6.3,0,8.5,7.2,1,83.8,65.9,1
6.67,4,7.2,1,6.7,5.6,1,58.4,68.2,1
5.95,2,6.2,0,3.8,3.6,2,46.4,50.6,0
6.72,0,5.9,0,3.9,3.4,1,49.2,48.2,0
6.65,3,6.3,0,5.8,5.2,0,53.5,58.7,0
8.64,4,8.4,0,8.3,7.9,3,86.7,75.5,1
8.54,5,5.3,1,9.4,8.2,4,90.0,67.2,0
6.33,2,5.4,0,4.8,4.0,3,48.5,51.8,0
9.8,6,7.6,1,8.3,7.0,2,95.6,71.1,1
7.48,3,8.3,1,7.7,8.0,2,83.0,73.3,1
7.95,4,7.1,0,7.8,7.2,1,89.5,69.4,1
6.25,3,5.9,0,6.8,6.0,2,61.9,61.4,0
7.71,3,6.5,0,4.6,5.5,1,68.4,54.2,1
6.22,6,5.2,0,7.8,8.2,5,63.3,59.6,1
7.29,4,6.6,0,6.8,5.3,3,69.4,61.2,1
7.54,5,4.5,0,6.8,7.0,2,78.4,57.0,1
8.35,5,6.8,1,8.6,10.0,4,94.9,83.5,1
6.52,2,5.8,0,6.6,6.3,0,61.4,57.8,0
9.41,6,6.2,1,9.8,9.9,3,100.0,86.6,1
6.1,3,7.2,0,7.2,6.3,2,45.8,72.1,1
6.0,2,6.1,1,5.1,4.4,1,51.5,45.3,1
7.57,4,5.2,1,7.1,7.2,1,75.0,66.7,1
6.1,3,6.2,0,6.5,6.3,2,59.6,63.7,0
6.79,4,7.4,0,6.7,6.7,3,70.6,78.2,1
7.5,2,6.8,1,7.3,6.6,1,78.5,69.6,1
7.92,3,5.5,0,6.0,5.5,3,83.2,66.0,1
8.81,6,8.9,1,9.7,9.3,3,98.6,75.2,1
7.41,2,8.1,1,7.2,6.4,2,77.3,66.2,1
6.42,2,6.7,1,5.6,4.9,0,60.2,58.6,0
6.91,4,7.0,0,8.1,7.6,2,78.1,71.7,1
7.07,0,6.4,0,4.6,4.9,1,65.0,64.7,0
7.68,1,7.6,0,7.1,7.1,0,87.2,82.3,1
7.32,4,5.8,0,8.8,8.3,3,70.2,64.2,1
9.16,5,5.9,0,8.0,7.3,4,99.9,61.6,1
5.96,2,7.6,0,5.8,6.4,2,50.6,64.5,1
5.46,4,6.8,0,6.4,6.3,3,54.0,58.5,0
5.41,1,5.6,0,5.5,4.0,2,49.0,40.2,0
6.64,4,7.4,1,5.6,5.9,3,58.2,65.3,1
7.7,0,8.7,0,4.5,4.7,0,71.8,67.9,1
4.68,0,4.8,0,3.5,4.4,0,35.0,36.2,0
7.18,5,4.6,1,7.2,6.8,1,69.8,52.8,0
8.24,5,6.3,0,8.2,6.8,2,90.4,73.3,1
7.86,5,7.7,0,8.0,8.4,3,79.9,76.7,1
6.12,2,5.5,0,5.6,3.3,3,46.5,48.8,0
6.27,0,5.3,0,5.1,5.4,2,52.6,57.5,0
8.34,2,6.1,0,6.6,6.0,0,91.0,71.6,1
7.05,1,4.9,0,5.1,4.6,2,54.2,51.4,1
7.93,1,6.1,0,5.4,6.3,1,70.2,66.6,1
7.3,3,5.9,0,6.6,6.5,2,73.6,61.9,1
8.8,3,8.1,1,8.4,7.4,1,94.0,79.3,0
8.34,5,6.3,1,6.5,7.3,2,84.2,77.9,1
7.85,6,6.2,1,9.0,8.2,2,83.9,67.6,1
6.52,4,7.3,0,6.6,5.3,4,55.7,65.8,1
6.29,1,7.6,0,4.9,5.2,4,57.5,60.9,0
6.6,4,6.0,0,6.4,6.6,3,60.4,60.5,1
7.52,5,6.5,1,6.8,6.1,2,85.6,76.1,1
6.14,1,4.6,0,4.7,5.1,1,57.1,35.0,0
7.22,5,6.6,1,8.5,9.1,2,78.1,81.0,1
6.01,1,3.9,1,3.8,3.9,2,60.8,39.2,0
7.15,3,6.3,0,5.3,6.2,2,73.9,59.5,0
8.87,4,5.2,0,8.2,8.2,2,97.9,76.5,0
8.15,5,7.1,1,9.4,8.2,4,100.0,82.3,1
7.22,2,4.7,0,5.1,5.0,1,65.6,50.8,0
5.37,1,5.3,0,4.7,4.0,0,42.3,48.1,0
6.76,3,7.2,0,6.1,6.4,2,58.2,61.0,1
7.64,1,7.2,0,5.3,4.3,0,74.0,66.1,1
5.55,1,6.9,0,5.2,5.2,3,52.3,67.2,0
6.28,0,6.9,0,3.5,4.0,2,48.6,48.6,0
8.03,3,6.1,0,6.9,6.5,1,65.2,73.3,1
6.79,4,9.8,0,6.0,4.7,3,68.3,67.6,1
7.36,3,6.8,1,6.5,6.2,1,70.9,75.1,1
6.54,4,7.4,0,6.3,7.9,1,65.6,63.7,1
7.41,2,7.0,1,7.8,6.8,3,76.7,58.3,1
4.97,0,5.8,0,2.9,2.6,0,44.6,60.3,1
6.96,2,7.3,1,7.0,5.7,0,64.5,65.4,1
6.72,0,6.4,0,2.6,3.2,1,62.4,56.5,0
8.34,5,7.6,1,7.0,7.2,3,78.7,71.6,0
6.51,2,7.3,1,6.3,6.0,2,64.0,60.9,1
6.48,1,6.0,0,5.4,4.7,2,56.1,62.0,0
7.43,3,5.8,1,7.8,6.6,3,76.8,73.2,1
6.61,4,6.9,1,7.7,6.3,2,72.1,75.1,1
7.58,3,8.8,0,7.4,7.0,1,69.1,80.1,1
6.98,2,7.5,0,5.7,5.5,1,64.5,60.7,1
4.5,0,5.6,0,4.0,3.8,0,35.0,46.5,0
5.9,2,6.6,0,7.1,7.0,2,62.5,65.3,1
8.29,5,7.5,1,8.9,7.8,4,82.1,77.2,1
5.65,1,5.6,0,3.3,3.9,2,41.4,46.7,0
8.82,6,5.2,1,8.3,7.5,2,93.9,62.4,1
6.92,2,8.8,1,3.7,4.8,2,72.9,77.6,1
6.31,3,6.3,0,5.7,5.4,2,52.7,64.4,0
7.66,0,7.0,0,5.9,6.3,0,65.7,67.9,0
6.69,1,8.4,0,4.2,3.6,2,63.8,72.4,0
7.2,1,6.2,0,5.1,3.6,1,67.9,53.1,0
7.58,3,8.7,1,8.5,8.4,2,87.3,78.2,1
7.16,2,5.1,1,5.6,6.4,2,63.6,53.8,1
7.52,3,7.1,0,6.6,6.4,3,63.0,60.1,1
8.66,2,6.5,0,5.9,6.8,1,83.2,65.9,1
5.88,1,6.0,0,4.4,4.1,2,38.9,52.9,0
7.59,5,8.4,1,8.5,8.9,3,69.4,90.4,1
6.63,0,6.4,1,6.7,5.6,1,61.2,71.3,1
7.08,4,6.5,0,6.8,6.4,2,71.5,66.8,1
7.1,2,7.7,0,4.6,5.1,1,59.3,63.2,1
8.01,7,8.3,0,9.3,9.4,3,83.0,70.2,1
7.22,3,5.7,0,6.2,6.0,4,73.8,53.3,1
6.03,1,5.9,0,5.2,4.3,0,57.4,54.8,0
6.82,0,5.0,0,5.5,5.3,2,62.7,42.6,0
6.52,1,5.9,0,5.7,4.6,2,58.1,63.1,0
7.86,3,7.0,0,6.9,6.2,2,66.6,73.3,1
6.92,2,6.5,0,4.7,6.2,2,70.0,64.2,0
6.95,2,7.4,0,5.5,6.1,1,62.5,49.7,1
6.22,4,6.0,0,7.9,7.7,3,68.1,64.2,1
6.95,4,6.6,1,5.7,5.4,3,66.5,58.1,1
6.74,2,6.3,0,6.1,6.2,1,64.2,67.4,1
6.95,1,6.1,1,5.0,5.9,3,67.3,52.5,1
7.62,3,8.3,1,7.4,6.1,2,73.6,75.4,1
5.29,0,7.4,0,5.8,5.1,2,46.3,63.4,0
8.16,4,6.8,1,7.1,7.4,3,83.0,75.6,1
5.76,3,6.9,1,5.2,6.1,2,54.1,65.6,0
6.8,3,4.1,0,7.3,6.9,3,74.7,60.0,1
6.62,1,7.3,1,5.1,4.6,2,61.2,61.8,0
6.71,3,5.3,1,6.9,6.9,2,72.4,77.2,1
6.78,0,5.2,0,5.6,4.9,0,59.2,59.4,0
7.52,1,7.4,0,5.6,5.3,3,72.9,65.6,1
6.26,6,8.1,1,6.9,6.3,1,72.0,73.9,1
7.73,4,7.2,1,6.7,5.8,0,61.7,69.8,1
6.41,2,7.2,0,6.5,6.6,0,63.5,55.8,1
8.26,3,4.6,1,7.8,7.3,1,87.6,64.0,1
6.66,1,4.1,0,5.7,5.0,1,67.4,62.3,0
7.13,5,8.9,0,6.2,4.6,3,59.0,76.7,1
6.26,1,5.9,0,6.0,5.1,0,60.7,61.8,0
6.65,4,5.9,0,5.8,6.8,2,70.9,58.6,1
6.15,4,5.6,0,6.2,6.6,2,49.4,50.6,0
7.39,4,6.7,0,7.7,6.4,1,72.7,54.1,1
6.52,0,5.0,0,3.1,3.7,1,57.9,42.5,0
6.89,2,5.2,0,5.5,5.7,3,70.6,57.4,1
6.78,4,6.3,1,8.3,8.7,1,60.3,74.6,1
7.07,3,5.2,0,7.5,8.4,3,78.5,56.3,1
6.02,2,5.8,0,5.6,6.2,2,49.1,52.2,0
7.34,4,7.4,0,7.8,5.7,3,73.8,79.8,1
6.57,2,3.5,1,6.6,5.4,0,49.8,45.6,1
8.82,3,8.3,1,7.7,6.5,1,85.7,68.6,1
7.82,3,7.2,0,7.0,5.8,1,86.1,57.5,1
7.07,3,7.5,0,6.2,6.2,3,60.3,76.7,1
7.99,5,7.3,1,7.8,6.9,4,79.2,74.2,1
6.39,2,6.6,0,5.8,5.4,2,60.3,58.3,0
7.55,4,7.5,0,8.9,9.8,2,71.3,73.7,1
6.58,3,5.6,0,7.4,7.2,0,58.7,67.4,1
8.16,5,6.6,1,8.9,8.0,3,89.0,69.3,1
5.58,2,4.8,0,4.7,3.5,1,50.8,51.1,0
7.16,6,6.3,1,7.3,8.2,4,85.5,64.4,1
7.37,4,9.4,1,7.4,6.8,2,74.1,86.8,1
6.56,4,6.5,0,6.0,5.9,2,60.3,65.7,1
6.3,0,8.2,0,3.6,3.4,1,57.5,68.0,0
7.33,4,7.0,1,7.7,6.4,3,62.6,78.8,1
6.83,2,6.0,0,4.1,3.7,2,66.8,53.1,0
7.98,2,7.7,0,4.6,5.7,1,86.1,65.5,1
7.69,3,8.2,0,7.7,6.8,2,75.0,78.6,1
6.25,0,6.5,0,6.0,4.8,2,57.6,57.4,0
6.91,1,8.1,0,4.7,5.8,1,50.2,62.8,0
7.43,5,7.9,0,8.0,6.5,1,70.1,63.4,1
8.05,4,8.0,0,8.2,8.2,4,87.3,81.7,1
7.09,3,7.1,1,7.5,5.8,0,70.5,68.4,1
7.2,2,5.8,0,6.0,4.9,2,64.9,49.6,1
5.02,1,5.1,0,4.9,4.6,1,50.9,48.9,0
8.4,4,5.4,1,5.9,6.9,2,84.0,59.9,1
8.47,5,8.0,1,6.8,7.1,3,83.1,77.3,1
8.02,3,7.1,1,7.1,6.4,3,78.5,64.6,1
7.42,2,6.1,1,6.1,5.5,1,63.1,59.0,1
8.06,2,6.2,1,6.5,5.7,2,80.3,59.0,1
5.61,2,7.3,0,5.2,4.6,2,47.8,51.8,0
6.85,3,6.7,1,6.6,6.1,1,75.8,58.9,1
6.61,1,7.9,0,4.5,3.4,1,64.0,58.5,0
4.5,1,7.5,0,4.9,4.3,1,35.0,57.1,0
6.97,2,6.9,0,6.3,5.1,1,66.8,60.1,1
8.06,5,8.5,1,8.6,7.7,1,83.4,72.3,1
6.85,1,6.4,0,5.4,5.0,2,54.0,46.2,0
6.18,0,6.2,0,4.0,4.3,0,47.8,49.9,1
7.18,2,6.5,0,4.4,4.2,3,78.1,56.4,1
7.8,6,6.3,1,6.6,7.9,3,79.8,71.4,1
8.09,5,7.1,0,6.5,5.6,3,77.2,58.9,1
5.34,1,6.3,0,6.0,6.1,1,47.7,50.4,0
8.31,4,7.5,1,7.8,7.2,2,88.4,82.9,1
6.42,0,6.1,0,4.2,3.8,0,63.0,54.3,0
6.67,2,6.7,1,6.0,6.1,2,66.9,71.5,1
7.84,4,7.5,0,7.6,6.9,3,74.9,71.0,1
6.07,0,6.5,1,3.2,2.5,0,43.8,44.1,0
8.29,4,6.2,0,7.8,8.4,1,93.3,73.1,1
6.92,3,5.2,0,6.6,5.9,3,76.3,57.5,1
7.89,4,6.6,0,7.8,9.1,2,82.2,61.2,1
7.89,6,7.1,1,9.1,8.6,3,84.4,83.1,1
6.44,1,5.7,0,4.7,4.4,0,52.3,49.9,0
7.79,4,9.0,0,8.2,8.5,3,83.9,77.0,1
6.51,2,5.8,0,5.5,6.6,1,57.2,42.3,0
6.54,1,6.1,0,6.7,5.6,2,59.0,52.0,0
7.78,3,7.5,0,6.4,5.8,2,72.2,73.8,1
5.97,0,6.4,0,3.9,4.7,1,50.5,41.6,0
8.1,7,6.2,0,9.8,9.1,3,75.6,63.8,1
7.33,1,7.1,1,6.0,6.0,1,71.9,57.6,1
7.74,2,6.4,0,5.9,7.0,3,74.3,67.4,1
6.9,3,5.8,0,5.4,4.8,3,50.1,41.2,0
8.91,4,8.6,1,5.8,5.9,2,90.2,66.3,1
5.33,2,4.7,0,5.4,4.9,1,41.6,57.6,0
5.25,0,4.1,0,4.6,4.3,0,46.4,36.4,0
7.37,2,6.3,0,7.5,7.2,1,62.0,66.6,1
6.85,2,7.9,0,5.8,5.3,1,59.7,66.5,1
5.99,6,6.9,1,7.7,7.5,3,64.0,72.0,1
8.19,7,7.9,1,9.2,8.6,3,100.0,79.8,1
8.18,5,9.7,1,8.1,6.5,4,88.0,86.2,1
6.26,3,5.1,0,7.1,7.0,2,53.8,57.9,0
8.71,5,5.4,0,7.1,7.2,3,82.3,63.7,1
7.16,4,6.7,1,7.6,7.7,3,79.8,72.6,1
7.36,0,5.8,0,5.3,5.1,0,71.2,59.1,0
7.95,3,6.1,1,6.2,6.0,1,73.5,66.7,1
7.72,3,7.8,1,6.9,7.3,1,82.7,85.6,1
7.72,2,7.1,1,6.9,5.8,1,71.1,62.0,1
8.13,5,7.9,1,8.0,6.4,5,79.8,80.8,1
7.83,6,8.7,1,7.6,7.6,3,87.2,72.8,0
6.51,1,6.6,0,4.9,5.2,0,52.8,56.0,0
6.57,1,7.0,0,4.0,4.0,2,59.7,53.7,0
6.77,2,6.4,0,6.0,5.6,2,65.0,58.9,1
8.87,5,9.0,1,9.7,9.9,2,100.0,96.0,1
6.28,1,4.1,0,4.6,4.2,1,57.2,43.9,0
7.36,2,7.6,1,6.5,6.1,1,65.7,62.0,1
7.22,0,5.6,0,4.9,4.2,1,56.4,50.8,0
7.8,3,7.6,0,6.9,7.3,2,95.5,68.0,1
7.5,4,8.1,1,8.3,7.3,3,73.1,67.7,1
6.54,5,5.7,1,7.9,7.7,3,72.1,67.0,1
6.77,4,6.1,0,7.6,7.1,2,74.8,70.4,0
8.23,4,9.5,1,7.1,6.6,3,82.0,83.8,1
7.35,2,6.4,1,5.8,6.0,2,63.8,65.3,1
6.62,5,5.4,1,7.6,8.8,3,75.3,69.6,1
7.0,3,7.0,0,7.1,7.4,1,84.3,76.2,1
5.98,2,7.7,0,5.7,5.6,2,67.5,48.8,0
5.87,1,5.4,0,4.3,3.9,0,46.4,53.1,0
8.42,3,6.9,1,5.5,5.9,2,76.7,67.6,1
5.7,0,5.8,0,4.9,4.9,2,61.1,46.5,0
8.12,4,6.7,0,7.9,8.2,2,84.1,72.3,1
6.06,3,8.2,0,5.8,5.6,2,60.1,74.2,1
7.41,4,6.9,1,8.0,7.3,2,71.8,68.1,1
7.73,4,5.6,1,8.8,7.9,3,84.3,62.3,0
6.11,2,7.2,0,7.4,5.1,1,51.5,65.8,0
5.64,0,4.1,0,5.0,4.9,1,57.0,55.3,0
6.03,2,7.7,0,5.2,4.4,0,47.0,60.6,0
6.52,4,5.3,0,6.7,6.1,2,63.9,61.2,1
4.76,2,5.9,1,4.9,4.3,2,36.0,45.2,0
7.51,4,9.0,1,6.4,5.2,3,72.6,86.9,1
5.11,1,5.9,0,4.1,5.0,1,45.6,57.0,0
6.45,1,8.5,0,4.0,6.2,0,67.4,51.9,0
7.52,3,7.1,1,5.3,4.6,3,70.4,69.9,1
6.84,6,7.3,1,7.2,8.1,4,81.7,74.0,1
6.97,2,7.6,0,6.1,5.4,2,76.3,63.4,1
6.23,0,4.3,0,3.3,3.3,2,46.7,42.8,0
8.58,6,6.4,0,10.0,10.0,3,100.0,73.5,1
7.0,5,5.6,1,6.3,5.5,3,73.9,63.0,1
7.16,3,7.5,1,6.4,6.4,3,72.5,66.6,1
6.88,4,5.6,1,6.2,5.9,4,64.1,69.1,1
8.45,4,6.3,1,6.9,7.5,3,83.2,74.8,1
8.42,4,7.4,0,5.9,7.0,3,85.4,60.2,1
6.31,2,8.2,0,4.4,4.7,2,67.3,70.0,0
6.86,3,3.6,0,6.2,7.7,2,70.5,45.6,1
6.29,1,6.3,0,4.8,5.0,1,57.3,55.2,0
6.21,1,4.8,1,7.3,6.0,1,67.0,49.9,0
6.0,3,6.9,0,6.2,6.5,3,63.5,75.1,1
5.73,1,5.9,0,4.7,5.5,1,57.1,57.2,0
9.13,5,6.0,1,8.3,7.5,4,88.6,74.5,1
6.85,2,5.9,0,5.4,4.4,0,60.6,50.7,0
6.46,0,5.8,1,4.4,5.7,0,61.7,58.3,0
6.31,2,3.6,0,5.8,5.3,1,51.7,37.9,0
5.98,1,7.8,0,4.9,6.8,1,49.8,61.6,0
8.25,4,7.6,0,7.2,6.7,2,75.5,58.0,0
6.88,3,5.0,0,7.7,7.7,2,68.0,51.2,1
7.64,5,5.2,0,5.1,6.1,2,88.1,51.6,1
7.25,4,8.9,1,5.1,4.9,2,61.6,64.2,1
7.56,4,6.5,1,6.2,6.6,2,64.5,71.2,1
6.68,2,5.6,0,5.0,6.1,1,62.3,66.2,0
7.39,4,6.6,1,6.4,5.9,2,82.4,60.2,1
7.17,4,6.4,0,8.2,7.5,2,73.2,52.9,0
7.92,4,4.2,0,6.7,5.8,1,70.9,55.6,1
8.26,3,7.2,1,6.4,7.8,2,86.1,69.2,1
7.41,1,8.0,0,6.1,5.7,1,75.8,67.1,1
7.3,4,7.1,1,7.0,7.3,4,69.0,72.8,1
6.98,4,6.1,1,9.5,8.3,3,72.9,83.1,1
6.87,5,7.9,1,8.9,8.7,2,59.5,78.6,1
8.06,1,7.8,0,6.6,5.2,0,71.8,58.0,1
7.11,5,7.9,1,6.9,7.0,3,67.5,64.1,1
7.76,0,5.5,1,6.1,5.8,2,72.7,61.2,1
7.35,3,6.3,0,9.0,7.9,3,81.0,57.6,0
8.38,4,6.2,1,7.8,7.2,3,91.6,76.5,1
4.82,2,8.2,0,5.3,5.3,2,48.2,57.1,0
7.71,3,8.8,0,8.5,7.0,2,78.2,78.5,1
6.49,4,7.8,0,5.8,5.8,2,65.9,52.7,1
8.05,5,6.5,1,8.5,8.8,0,85.1,64.9,1
4.85,4,4.3,0,5.7,4.8,3,50.5,64.7,0
7.64,2,7.1,1,6.6,6.1,1,70.0,68.4,1
6.37,2,6.3,0,7.8,7.1,1,60.1,65.1,1
8.0,3,5.4,0,6.8,5.3,3,73.7,52.7,1
7.48,5,6.1,1,6.6,7.4,2,84.1,61.7,1
7.08,6,7.9,1,8.9,7.8,2,81.8,63.4,1
7.03,2,7.5,0,6.1,6.5,2,67.9,63.9,1
7.71,3,6.8,1,6.5,6.3,1,76.7,70.2,1
7.08,3,6.8,1,4.1,5.5,1,62.0,57.9,1
7.41,1,3.6,0,4.1,5.3,2,71.0,38.0,0
5.91,1,7.3,0,4.0,4.6,1,57.5,48.7,0
8.41,4,5.8,0,7.5,6.6,1,83.4,59.9,1
6.37,3,5.8,0,5.9,4.5,0,59.2,52.0,0
7.36,4,7.4,1,7.6,7.8,3,78.5,74.2,1
6.76,1,6.5,0,5.4,4.3,1,62.5,59.3,0
6.19,3,7.3,0,4.8,5.0,2,61.3,53.6,0
6.99,2,5.8,0,4.7,4.0,2,63.4,45.3,0
5.63,1,5.9,0,3.9,4.8,0,56.0,52.9,0
7.95,5,8.2,0,9.1,8.3,4,90.0,83.8,1
7.54,2,7.0,0,5.8,6.4,2,75.6,67.8,1
6.36,2,4.1,0,6.6,5.2,0,59.7,54.2,0
7.1,5,6.9,1,7.6,6.5,3,79.3,80.4,1
8.66,6,6.7,1,6.3,6.0,5,90.0,68.7,1
7.06,3,6.4,0,6.9,5.6,1,67.8,73.5,1
6.32,2,7.0,1,6.8,5.9,3,65.8,52.4,1
8.09,4,7.3,1,5.8,6.0,3,85.1,66.7,1
6.69,2,7.4,0,7.0,6.2,1,66.5,72.3,1
6.63,2,7.3,0,5.5,5.1,1,54.0,59.6,0
5.83,3,7.0,0,7.3,7.7,2,56.8,71.8,0
6.18,2,7.6,0,6.5,6.4,1,61.6,71.0,1
6.68,2,7.8,0,4.3,4.4,1,64.5,54.7,0
7.36,2,5.6,0,4.6,4.0,1,57.7,49.0,0
7.02,3,7.8,0,6.2,7.6,3,63.1,62.8,1
6.74,1,6.3,0,3.4,3.8,3,61.0,50.3,0
9.8,8,7.8,1,10.0,10.0,4,100.0,93.3,1
7.07,1,6.2,0,4.6,4.3,0,65.7,51.2,0
6.04,0,5.8,0,2.8,2.5,0,60.3,45.4,0
7.0,1,6.8,0,3.6,3.7,1,72.1,57.7,0
7.59,3,3.4,0,5.0,5.4,2,75.2,52.1,0
6.14,4,6.5,0,7.0,6.7,4,67.8,56.6,1
7.01,1,6.6,0,5.6,5.8,2,70.7,56.7,0
7.5,4,5.5,1,7.4,6.5,3,73.3,69.2,1
7.58,5,7.4,1,7.3,7.0,3,77.4,61.4,1
6.52,5,7.5,0,6.9,7.1,2,59.0,70.8,1
6.53,2,7.0,0,7.0,7.0,1,70.0,65.3,1
8.0,4,6.5,1,8.8,6.2,3,79.8,64.9,1
7.07,3,5.9,0,5.8,6.0,0,76.1,57.9,1
6.7,2,6.3,0,3.7,2.9,2,57.0,50.2,0
7.1,2,6.0,0,5.4,5.2,2,75.4,67.9,1
6.25,2,5.8,0,5.1,6.4,3,70.5,47.8,0
5.81,0,5.0,0,4.9,5.3,0,46.4,48.5,0
6.96,3,7.6,1,7.3,6.9,1,64.2,74.6,1
6.54,4,7.4,0,6.0,5.2,1,65.0,62.8,1
7.07,2,7.7,0,6.4,5.8,0,69.0,79.9,1
5.55,2,6.6,0,3.7,4.5,2,35.8,66.6,0
7.74,7,7.3,1,8.9,8.6,2,81.1,79.8,1
6.98,1,5.3,0,6.0,5.5,1,80.3,56.2,1
8.48,7,6.4,1,10.0,10.0,3,100.0,70.3,1
6.76,3,5.6,0,5.7,5.6,3,60.0,52.2,0
6.66,5,5.9,0,6.8,7.4,2,74.2,54.9,1
6.76,5,5.9,0,8.1,9.1,3,86.2,70.5,1
6.64,0,5.9,0,5.8,6.5,1,67.8,64.2,1
8.83,2,8.2,0,6.2,6.2,1,87.5,63.6,1
8.39,5,8.2,1,7.6,7.5,2,77.8,89.0,1
7.13,3,4.9,0,6.1,5.7,0,70.7,50.6,1
7.03,4,6.7,1,6.3,5.0,1,64.9,62.1,1
6.17,2,5.0,1,5.2,5.8,2,54.6,56.9,0
6.4,5,5.8,0,6.5,7.0,2,63.7,54.5,1
6.86,1,6.4,0,4.4,4.6,1,58.6,51.6,0
4.86,2,7.4,0,6.3,6.1,4,47.7,74.7,0
6.6,2,6.5,0,4.3,5.1,3,70.7,61.2,0
8.19,4,6.7,0,7.3,6.7,2,87.4,71.1,1
6.81,2,7.8,0,7.0,7.2,0,59.4,67.6,1
7.45,4,6.3,0,8.9,6.4,1,69.2,69.3,1
6.59,2,6.0,1,5.5,5.6,0,59.5,74.2,0
7.87,2,7.9,1,6.6,5.6,2,83.8,63.0,1
5.24,0,4.3,0,2.5,3.0,0,44.4,41.0,0
7.72,3,7.8,0,6.0,5.3,3,76.9,80.0,1
8.01,4,6.7,1,5.2,6.5,4,81.8,56.8,0
5.96,1,5.8,0,4.9,4.1,2,66.6,50.6,0
7.01,2,6.5,0,4.7,4.6,0,63.9,58.1,0
6.53,2,6.9,1,4.9,5.3,2,54.7,53.4,0
8.39,4,7.5,0,6.3,6.0,2,84.0,74.4,1
8.88,6,7.4,1,7.5,6.3,4,94.2,68.8,1
7.18,4,6.5,1,6.5,6.3,4,71.3,67.0,1
8.24,4,7.6,1,6.4,7.3,3,91.5,85.2,1
7.84,0,6.3,0,5.8,6.9,1,73.0,60.1,1
8.69,6,7.5,1,9.2,7.2,4,94.6,66.8,1
8.2,2,7.8,1,5.6,5.4,0,79.1,70.0,1
7.1,3,6.5,1,7.9,7.4,4,77.2,75.4,1
5.87,1,5.5,0,4.3,4.9,1,43.4,50.5,0
7.53,5,7.5,1,6.0,6.1,1,79.1,73.2,1
8.31,4,6.6,1,8.8,6.8,2,78.6,80.2,1
8.29,4,5.5,0,6.7,6.8,2,78.6,63.8,1
7.79,4,6.2,1,7.4,7.9,4,86.7,59.2,1
6.2,3,6.4,0,4.4,3.8,3,56.7,59.8,0
6.48,4,5.5,1,7.7,6.6,1,70.7,66.6,0
6.79,2,6.6,0,6.0,6.2,2,63.6,65.1,1
7.94,3,9.5,0,6.0,5.6,1,80.9,69.5,1
5.56,2,5.3,0,6.4,5.2,1,64.7,43.7,0
7.38,5,6.2,1,8.1,7.8,4,83.2,66.8,1
7.52,4,7.9,1,6.6,6.5,2,70.7,77.3,1
6.71,3,7.6,0,5.5,4.9,2,66.6,60.6,1
6.05,2,6.6,0,5.7,5.0,1,50.9,62.0,0
8.12,4,5.8,1,9.4,8.4,3,83.6,80.8,1
5.52,1,7.3,0,4.1,3.9,1,48.8,59.6,0
6.56,1,7.4,0,4.1,3.9,1,40.2,43.2,0
7.65,3,8.8,0,6.4,6.8,1,86.4,79.4,1
7.89,6,6.1,1,10.0,8.7,4,91.9,78.5,1
8.07,3,7.1,1,7.9,7.4,2,69.5,72.9,1
6.88,5,7.4,0,7.9,6.3,4,68.9,69.6,1
6.93,3,5.1,0,6.7,6.0,3,68.5,54.6,1
7.8,1,6.0,0,5.8,5.0,1,78.0,59.5,1
7.09,4,7.3,1,6.9,5.6,2,77.4,68.6,1
9.13,7,7.1,1,8.5,8.0,4,94.7,70.0,0
5.96,2,5.3,0,5.0,4.5,2,53.2,49.9,0
5.82,0,4.4,0,3.1,2.5,0,47.3,35.0,0
7.22,3,7.2,0,6.7,6.3,5,72.2,86.3,1
6.5,4,4.5,1,7.3,6.9,2,54.3,59.6,1
7.96,4,4.9,0,7.0,7.5,1,75.6,60.1,1
7.49,2,7.7,0,7.0,8.1,2,82.2,78.9,1
8.17,4,6.3,1,7.6,6.9,2,71.3,61.3,1
8.66,6,4.3,1,7.2,6.5,4,78.8,48.7,1
6.2,3,4.7,0,4.5,4.6,2,53.6,44.7,0
6.79,2,6.6,0,5.5,6.5,4,62.9,67.6,1
7.74,3,7.9,1,9.0,7.4,1,82.5,78.0,1
6.21,3,3.9,0,6.2,4.9,3,59.2,53.7,0
8.62,2,5.2,1,5.3,6.6,2,86.5,63.0,1
6.14,3,6.5,1,5.6,6.2,1,52.8,61.8,0
5.52,1,6.4,0,2.9,3.6,1,40.9,45.0,0
7.11,5,6.3,0,6.9,6.4,2,71.9,60.9,1
5.89,1,3.0,0,4.7,3.9,2,42.5,35.0,1
7.7,3,6.8,1,7.1,7.1,3,73.9,67.0,0
6.73,4,6.7,1,7.4,7.6,2,64.8,70.1,0
7.18,4,5.6,1,7.6,5.9,1,65.2,57.9,1
6.35,3,6.1,0,6.8,5.5,1,66.8,56.1,1
6.29,2,6.1,0,3.8,4.4,1,54.3,52.2,0
4.73,1,5.4,0,3.9,3.0,0,49.2,46.0,0
5.89,0,6.4,1,3.4,2.9,1,57.7,57.8,0
6.0,2,7.0,0,6.2,6.6,1,56.4,60.7,0
7.06,2,5.5,1,6.7,6.8,0,68.8,59.4,1
5.7,2,7.0,0,7.2,6.3,1,53.3,63.6,0
6.64,2,6.4,0,4.9,4.1,2,54.0,54.2,0
7.18,6,6.8,1,7.3,7.3,2,64.4,71.0,1
7.81,1,6.6,0,4.9,5.6,0,77.5,68.1,1
6.8,1,7.1,0,4.5,4.2,2,74.5,56.8,0
7.41,2,5.0,0,7.0,5.4,4,66.2,68.9,1
7.41,2,5.9,0,7.1,7.0,3,77.5,57.2,1
8.37,2,5.7,0,4.0,4.6,2,91.5,51.2,1
5.56,1,5.2,0,5.7,5.1,1,48.6,66.7,0
7.74,3,7.1,1,7.1,7.0,1,70.5,65.6,1
6.98,5,7.8,1,7.9,7.3,2,73.4,58.3,1
6.62,2,5.3,0,7.3,8.0,1,70.4,55.5,1
6.61,4,4.4,1,4.4,4.3,3,64.2,63.6,0
7.14,3,6.7,0,5.9,5.9,0,71.5,58.6,1
7.78,2,6.8,0,7.0,7.0,2,82.4,66.8,1
6.0,0,6.5,0,4.7,4.7,1,50.2,65.3,0
7.01,1,5.0,0,5.1,6.2,1,75.4,57.2,1
7.08,3,6.2,1,6.7,6.8,1,68.1,75.0,1
7.18,2,6.3,0,7.2,5.8,1,72.2,65.4,1
8.09,6,6.2,1,7.7,8.6,3,77.0,65.7,1
7.48,5,8.3,1,9.1,7.8,4,84.0,73.8,1
6.11,3,4.9,0,6.6,6.5,3,52.3,69.3,0
7.02,1,5.9,1,5.7,5.3,1,70.1,60.4,1
7.9,5,6.2,1,8.0,7.3,2,87.4,74.3,1
6.6,4,5.6,1,5.8,7.3,0,54.0,53.8,1
7.16,3,5.1,0,6.9,5.8,1,65.0,54.3,1
5.32,0,4.8,0,5.7,4.3,0,59.9,50.9,0
7.29,2,6.1,0,6.3,6.0,2,74.8,66.3,1
5.56,4,6.5,0,5.3,5.0,2,59.0,51.1,0
5.53,4,6.3,0,4.9,3.6,2,41.0,44.8,0
6.77,4,6.9,0,7.4,7.0,3,56.1,64.1,1
6.8,3,4.8,1,5.7,4.7,2,54.2,52.1,1
8.79,3,6.5,1,7.1,4.8,3,87.4,65.8,1
7.27,2,5.0,0,5.1,4.2,1,60.6,42.8,0
7.23,3,4.1,0,6.5,8.3,3,77.2,46.0,1
7.02,1,7.8,0,3.8,3.9,2,61.4,50.5,0
8.52,4,8.2,0,6.7,6.0,1,83.3,80.1,1
7.53,4,7.3,1,6.3,6.4,4,71.9,72.0,1
7.81,2,6.5,0,6.8,6.3,1,73.2,51.1,1
6.79,1,5.0,1,5.6,6.1,1,54.5,47.1,0
5.91,0,6.6,0,3.3,4.0,2,48.6,64.3,0
8.7,6,6.7,1,8.9,8.1,3,88.6,69.2,1
8.96,5,7.3,1,8.9,8.5,3,92.0,87.1,1
6.11,4,5.7,0,5.5,5.3,2,56.3,54.7,0
6.81,1,6.7,0,6.4,5.6,1,55.5,60.5,0
6.19,1,4.8,0,5.4,5.0,0,59.5,43.5,0
6.62,2,5.8,0,6.3,5.9,1,72.6,62.5,1
8.16,4,6.3,1,7.8,8.0,2,92.4,57.2,1
5.55,0,4.5,0,2.5,2.5,0,43.1,46.2,0
7.33,2,5.4,0,6.7,6.8,1,67.7,52.6,1
6.06,1,6.4,0,3.7,4.2,2,50.9,51.0,0
5.84,3,7.0,0,5.1,5.4,2,52.8,55.8,0
7.24,5,6.6,0,8.4,8.4,3,74.4,61.8,1
7.73,4,6.3,1,7.2,7.8,3,77.7,61.6,0
7.12,1,6.4,0,6.5,4.9,2,75.7,56.2,1
7.12,5,6.5,1,8.3,6.9,2,63.4,63.6,1
7.0,3,6.3,0,6.7,7.2,0,67.9,60.1,1
6.66,2,7.0,0,5.0,5.1,2,56.1,67.8,0
6.44,5,3.9,0,7.7,6.8,1,65.4,36.1,0
7.27,4,6.6,0,7.0,6.2,1,72.2,64.7,1
6.5,4,6.2,0,7.3,8.0,2,61.4,64.2,1
7.6,3,7.6,1,7.9,6.0,2,87.5,68.6,1
6.37,3,8.7,0,6.1,6.1,2,69.7,93.3,1
8.87,4,7.0,1,6.7,6.2,4,87.5,60.7,1
6.27,3,6.7,1,8.4,8.4,2,68.8,66.8,1
7.47,3,5.9,0,6.0,6.3,3,71.5,61.6,1
7.72,5,6.1,0,9.2,7.7,2,69.1,66.4,1
5.5,1,5.7,0,4.7,3.8,1,45.7,42.1,0
6.51,2,4.1,0,6.6,7.8,1,67.7,46.2,1
4.89,3,6.3,0,4.2,2.5,2,35.0,55.4,0
7.44,2,6.6,0,5.8,5.2,0,69.1,60.0,0
8.22,4,7.3,1,6.3,6.3,5,78.2,74.5,1
7.87,2,5.6,0,8.0,6.6,2,86.6,59.0,1
4.98,2,6.0,0,3.7,5.1,4,45.7,40.1,0
7.08,1,5.6,0,6.5,6.0,0,77.6,57.1,1
5.94,1,6.3,0,3.5,4.4,0,51.4,60.4,0
9.48,3,6.6,1,7.8,8.0,3,100.0,63.8,1
7.1,2,5.6,0,5.4,5.6,0,54.8,51.4,0
8.74,1,7.2,0,7.9,6.5,1,95.9,81.2,1
8.37,6,8.1,0,7.5,7.0,2,88.1,68.9,1
7.96,5,8.1,0,9.2,10.0,4,86.4,78.8,1
7.07,4,6.0,0,6.4,4.8,1,70.0,61.9,1
6.77,3,3.4,0,5.8,6.1,2,71.1,47.8,0
6.55,3,6.6,0,6.8,6.0,2,54.8,68.4,1
7.89,2,6.1,0,7.5,6.8,1,67.1,60.3,0
6.4,0,5.0,0,2.9,3.5,0,51.4,52.4,0
5.95,5,6.2,0,9.0,9.5,2,73.0,74.1,1
7.17,6,8.4,1,7.2,6.2,4,79.6,80.4,1
6.29,2,5.5,0,3.2,2.9,2,47.7,48.0,0
6.43,1,6.4,0,6.0,4.9,1,48.3,51.8,0
7.14,2,6.4,0,5.7,5.2,2,72.8,57.3,1
5.55,0,5.9,0,3.4,4.3,0,52.3,46.2,0
5.63,2,7.9,0,5.3,4.5,0,45.4,71.1,0
6.92,4,7.7,1,7.1,8.1,2,69.9,70.2,1
6.41,0,3.9,0,4.8,4.0,0,43.4,35.0,0
6.62,2,7.0,0,5.5,6.7,2,56.2,66.8,1
6.62,2,5.3,1,7.0,7.0,3,69.5,61.6,1
7.66,2,7.8,1,8.9,6.9,3,75.0,87.9,1
7.44,5,7.8,1,8.1,8.1,2,81.5,73.7,1
7.3,2,7.4,0,6.2,5.8,2,68.6,71.3,1
7.72,3,7.8,1,6.9,6.9,1,69.2,69.1,1
7.44,2,7.1,0,6.5,5.5,1,78.2,85.0,1
5.9,1,6.0,0,6.2,5.5,0,55.5,61.7,0
7.8,3,6.0,0,7.4,7.4,1,67.2,61.1,1
7.88,0,4.7,0,6.4,4.2,0,68.3,43.4,0
6.18,2,5.7,0,8.0,6.2,1,56.9,71.0,1
8.36,4,6.6,0,5.3,6.2,2,77.9,52.8,1
5.7,2,5.5,0,5.3,5.3,2,45.3,54.0,0
8.43,3,6.9,1,8.6,8.0,1,83.5,78.4,1
7.54,5,5.8,1,7.4,6.1,2,68.5,60.8,1
7.27,4,8.2,0,5.5,5.8,2,68.6,55.6,1
7.39,4,5.4,1,5.9,6.2,2,77.2,63.0,1
5.82,1,6.1,0,4.3,4.6,2,47.1,53.1,0
7.18,1,5.8,0,5.7,5.3,1,67.3,54.7,0
7.22,1,6.9,0,5.8,5.5,2,67.7,58.7,1
7.14,4,5.2,0,6.9,7.5,3,71.9,43.2,1
6.81,0,5.0,0,5.2,4.7,0,55.0,50.4,0
7.89,2,6.3,0,6.9,7.8,2,71.9,58.9,1
6.37,3,6.1,0,6.0,4.9,3,60.4,48.2,0
8.96,3,7.6,0,7.1,5.8,2,97.1,76.8,1
6.53,3,5.8,0,5.0,4.9,2,56.2,65.8,0
8.65,6,8.2,1,7.3,6.8,4,95.6,79.6,1
7.14,3,8.7,1,5.4,4.9,2,73.1,71.8,0
6.59,6,6.5,0,8.0,7.2,4,60.8,64.6,1
7.36,3,7.8,1,6.6,6.4,2,79.8,89.5,1
5.51,2,5.6,0,5.2,5.8,2,49.7,60.4,1
6.4,3,7.2,0,5.2,4.4,2,51.7,72.4,0
7.26,4,8.1,0,6.3,6.9,2,73.5,82.9,1
6.65,2,8.5,1,8.8,7.4,2,66.3,81.9,1
8.24,2,7.5,1,7.4,6.7,2,90.0,77.0,1
7.52,4,7.8,0,8.8,8.4,3,74.5,57.4,1
6.32,2,5.4,0,6.9,7.2,0,70.2,44.9,0
6.85,2,6.7,0,6.0,5.3,2,50.0,59.6,0
7.21,0,4.8,0,3.6,3.4,0,55.1,45.7,0
7.38,3,5.2,0,7.1,7.5,3,68.6,61.1,1
6.66,4,7.5,1,4.9,6.6,3,68.8,63.6,1
6.96,3,5.4,1,6.0,6.7,1,67.4,66.1,1
6.46,3,5.6,0,6.2,6.7,2,64.9,60.4,1
6.58,2,5.2,0,5.7,6.3,3,57.4,62.3,0
5.87,0,6.1,0,4.3,3.8,0,43.0,51.4,1
7.54,3,5.8,0,6.7,7.2,0,81.1,55.4,1
6.86,5,6.0,0,8.9,9.5,2,79.1,76.4,1
6.77,1,5.3,0,4.8,5.9,1,50.2,42.6,0
7.02,3,7.1,1,5.2,6.5,2,64.8,61.7,1
5.29,0,4.0,0,4.0,4.0,0,39.4,39.7,0
7.48,2,4.9,0,6.8,5.0,0,72.9,49.7,1
5.1,0,6.1,0,4.5,4.3,0,46.9,58.2,0
6.41,3,6.8,0,5.8,5.5,0,55.9,68.8,1
6.1,0,6.1,0,7.2,5.5,2,53.3,53.9,0
8.1,4,5.7,0,5.5,4.9,2,81.3,51.7,1
7.76,1,6.6,0,6.0,5.2,2,79.2,59.5,1
8.76,3,4.9,0,6.3,5.9,2,83.4,53.6,1
7.28,2,5.1,1,4.9,5.4,1,68.9,49.4,1
7.03,4,5.5,1,5.7,6.5,3,70.7,68.0,1
7.88,6,8.3,1,8.2,7.8,3,86.8,79.2,1
6.09,2,5.0,0,5.0,5.4,2,52.5,53.7,0
6.16,2,7.2,0,6.8,6.8,1,52.4,63.0,1
7.33,4,5.8,0,8.7,7.9,1,75.2,54.8,1
6.73,5,8.0,1,7.1,6.8,2,75.4,77.1,1
4.93,0,4.7,0,3.2,4.3,0,38.0,35.0,0
6.81,4,7.5,0,5.2,5.8,3,62.2,63.1,1
6.9,4,6.2,0,6.4,5.7,3,64.6,51.6,1
4.63,2,6.6,0,4.5,3.6,1,35.0,59.0,0
7.12,3,6.5,0,6.7,6.0,1,69.7,59.2,1
6.84,4,9.8,0,5.3,5.9,2,70.2,75.1,1
8.52,5,6.5,0,6.0,7.1,3,87.1,59.2,1
6.22,4,6.8,1,7.9,7.1,1,63.2,69.2,1
6.45,0,7.2,0,3.8,4.1,1,58.4,50.6,0
8.74,4,9.2,1,7.7,7.8,2,89.7,96.0,1
6.85,1,6.9,0,4.0,4.5,2,54.5,56.1,0
6.58,4,8.4,0,6.6,7.0,1,57.5,65.6,1
6.28,2,5.6,0,3.6,4.2,1,55.0,49.8,0
6.96,3,8.0,0,6.5,6.0,2,71.6,66.5,1
6.26,3,4.5,0,7.7,8.6,2,61.2,61.9,1
8.35,2,6.1,1,5.2,5.5,0,70.8,64.6,1
6.64,3,8.8,1,5.6,6.2,0,69.8,74.1,1
7.8,3,6.1,0,5.4,4.5,0,85.9,63.3,1
7.29,2,5.2,0,6.2,6.8,3,70.3,48.0,1
7.62,3,6.6,0,7.9,7.1,2,72.1,64.9,1
7.61,0,7.4,0,4.9,5.4,2,78.7,59.4,1
4.82,0,6.2,0,2.5,2.5,0,35.0,39.8,0
5.71,2,4.4,0,6.6,7.1,1,59.6,54.1,0
8.7,5,6.9,1,7.7,6.8,3,94.7,81.4,1
6.81,2,7.3,0,4.5,4.2,1,56.9,55.1,0
6.46,2,6.8,0,4.4,5.0,1,43.1,57.0,0
7.38,4,8.2,0,6.5,7.1,2,77.0,73.7,1
7.9,3,6.7,0,8.3,6.6,0,77.3,68.9,1
5.06,2,5.0,0,5.6,3.9,2,47.4,49.8,0
4.75,1,5.2,0,3.8,3.5,2,35.0,47.6,0
6.86,5,4.0,0,5.6,6.1,4,69.8,40.2,1
8.93,5,7.5,0,8.2,8.1,2,80.9,87.8,1
5.55,0,5.3,0,2.7,3.5,0,35.0,38.7,0
6.53,2,7.3,0,5.5,5.6,2,49.6,62.1,0
5.77,3,7.2,0,6.0,6.8,1,54.3,58.6,0
5.69,3,5.7,0,6.3,7.4,2,51.6,67.2,0
7.01,3,7.0,0,5.5,5.5,2,68.3,72.3,1
6.79,7,6.4,1,8.4,7.3,3,66.0,69.2,1
7.03,2,8.7,0,5.7,6.1,3,71.5,73.3,1
7.65,3,7.6,1,8.8,6.9,3,82.2,75.9,1
7.05,3,7.5,0,7.9,7.2,2,75.6,70.0,1
7.09,4,6.7,0,7.8,8.3,2,67.2,59.2,1
6.77,2,6.8,0,6.0,4.9,0,58.9,58.5,0
7.28,2,4.8,0,4.5,4.1,2,63.7,35.8,0
8.59,5,7.5,1,8.8,7.7,1,89.0,77.2,1
8.63,7,9.5,1,8.8,8.3,4,91.3,90.8,1
8.24,4,6.6,1,7.0,8.0,1,82.1,66.5,1
7.67,3,6.2,1,6.2,6.0,1,78.1,49.0,1
7.23,5,7.3,1,7.0,7.0,3,81.6,72.5,1
7.6,4,7.6,0,6.1,6.7,2,80.7,67.6,1
5.87,3,4.8,0,5.3,5.9,1,48.0,41.9,0
6.84,1,6.2,0,5.2,4.9,0,56.7,62.8,0
7.9,3,7.6,0,6.5,6.1,0,67.9,71.4,1
5.48,0,6.8,0,2.6,2.5,1,46.5,57.7,0
6.74,2,6.4,0,5.8,6.1,2,72.9,67.3,1
8.34,5,7.0,0,6.9,8.5,1,85.6,77.6,1
7.86,2,7.6,0,4.5,3.6,2,59.4,69.9,1
6.83,4,6.6,0,6.7,6.7,5,70.2,62.2,1
7.78,2,7.5,0,6.4,6.6,2,85.1,69.8,1
7.2,4,8.4,1,9.1,8.6,3,74.5,75.8,1
8.41,3,7.2,0,6.4,5.7,2,89.1,62.6,1
7.18,3,7.0,1,4.7,5.2,3,64.0,50.9,1
6.21,2,4.4,0,3.0,4.0,1,51.6,36.4,0
7.0,1,6.9,1,3.7,3.6,2,70.7,54.0,0
5.78,5,6.7,1,7.7,8.9,3,54.7,64.9,1
7.37,3,8.7,1,6.7,6.7,4,69.0,75.2,1
6.96,2,8.0,0,4.0,4.5,1,63.2,63.4,0
7.66,1,7.5,1,5.1,5.2,0,68.1,67.1,1
7.08,3,5.9,1,8.2,7.7,0,76.0,62.2,1
5.68,0,5.1,0,2.8,3.3,0,46.0,37.6,0
7.24,3,4.8,0,6.3,4.1,2,59.4,55.5,0
7.22,2,7.0,1,5.7,6.5,2,69.8,72.1,1
7.73,3,5.4,1,7.4,6.9,2,69.1,69.8,1
7.63,5,7.3,0,7.6,6.8,2,62.4,63.6,1
5.43,1,6.4,0,3.8,4.1,0,40.2,58.3,0
6.77,4,6.8,1,5.7,5.1,2,61.0,58.3,1
8.3,4,7.0,1,8.4,7.6,2,84.8,68.3,1
4.69,0,5.3,0,3.0,3.5,1,44.0,50.1,0
6.75,3,8.7,0,6.6,6.7,2,64.1,73.0,1
8.65,7,6.6,1,9.9,9.2,2,93.9,79.8,1
6.04,3,4.9,0,6.3,5.9,1,46.7,62.3,0
6.85,4,7.4,0,6.0,5.5,5,76.1,71.3,1
7.33,5,6.1,1,6.6,6.6,2,74.3,65.0,0
6.27,1,5.5,0,4.8,3.7,1,58.5,47.5,0
5.62,1,5.5,0,6.8,5.9,0,53.4,58.2,0
7.36,1,7.4,0,4.1,5.0,0,60.1,60.9,0
8.53,2,8.1,0,6.6,7.3,2,87.3,74.6,1
7.02,2,7.9,0,8.0,7.4,1,70.5,77.3,1
6.05,1,7.4,0,6.5,5.2,0,63.9,56.0,0
6.89,3,6.9,1,5.7,6.9,2,70.6,64.4,1
8.64,6,8.3,1,7.7,7.8,3,100.0,96.0,1
7.81,3,5.4,0,7.0,7.2,1,74.0,59.7,1
5.9,0,6.0,0,5.3,4.4,1,46.9,46.2,0
7.52,2,6.3,0,6.4,5.8,1,72.2,62.1,0
5.04,0,5.2,0,3.8,3.6,1,38.8,44.7,0
7.44,6,8.0,0,8.0,7.7,5,81.0,72.3,1
7.59,2,6.8,0,6.8,6.0,1,66.1,54.1,1
6.72,5,5.4,0,6.2,6.4,3,65.0,53.1,1
8.75,4,7.1,1,7.7,8.0,1,86.1,71.5,1
6.67,0,4.4,0,5.1,4.7,0,59.8,35.0,0
6.14,2,6.6,1,6.5,6.1,0,58.2,51.9,0
6.47,2,6.4,0,5.1,5.2,3,57.3,53.8,0
8.0,7,5.8,1,9.5,8.1,4,94.3,73.9,1
7.07,3,6.5,0,6.4,7.5,2,79.1,72.0,1
5.95,2,6.5,0,4.0,3.9,2,45.4,46.1,0
7.24,2,6.9,1,6.3,5.7,3,63.5,55.3,1
8.2,6,7.8,1,8.9,7.1,3,100.0,81.6,1
8.19,4,6.4,0,8.0,9.2,2,85.8,72.8,1
6.2,3,6.7,0,6.2,4.9,3,55.7,59.1,0
7.41,2,7.5,0,5.4,5.0,1,70.2,63.3,1
6.23,0,4.9,0,4.9,5.1,0,55.1,46.2,0
6.79,3,6.0,1,7.1,5.7,1,61.6,63.6,1
7.35,4,8.0,0,7.7,6.9,3,68.7,82.4,1
7.26,1,4.5,0,5.1,4.7,0,64.8,44.3,0
5.91,2,5.4,0,3.5,4.4,1,48.8,57.2,0
7.18,2,6.3,1,5.4,6.3,3,62.3,58.6,1
6.81,5,7.4,1,7.1,6.2,2,69.7,78.5,1
5.29,2,3.0,0,4.7,5.1,0,43.2,35.0,0
7.03,2,8.0,0,5.3,4.8,0,63.8,67.0,1
5.76,1,5.2,0,5.0,4.6,1,55.7,47.9,1
9.72,3,7.0,0,9.4,8.6,2,98.4,76.8,1
6.48,4,5.5,1,8.1,6.2,0,71.4,70.8,1
7.1,2,8.1,0,5.6,5.7,1,73.2,64.8,1
4.5,0,6.0,0,3.6,2.9,1,35.0,51.3,0
7.7,6,7.3,1,9.3,8.2,2,76.9,72.8,1
7.39,5,4.3,0,7.4,6.0,2,71.8,59.3,1
7.0,3,6.9,0,4.6,4.3,3,59.7,64.8,1
6.78,6,7.7,1,8.0,6.5,3,66.7,73.7,1
6.46,0,3.2,0,5.0,5.3,0,55.1,35.0,0
7.22,3,6.7,1,7.4,7.4,3,58.1,73.2,1
7.1,2,4.5,0,6.6,6.5,1,68.7,52.3,0
7.03,2,6.8,0,6.3,6.0,0,71.8,61.2,1
7.84,1,7.1,0,6.4,6.1,1,72.6,54.5,1
7.7,5,6.9,1,8.3,7.8,2,73.7,77.2,1
7.41,3,5.3,0,6.3,6.6,2,73.6,62.5,1
6.99,1,6.6,0,5.6,5.0,2,65.4,57.0,1
8.16,1,6.5,1,6.3,5.6,2,76.7,60.4,1
7.02,5,6.3,1,8.2,7.0,2,76.3,65.7,1
7.39,4,5.5,0,7.3,6.8,4,86.8,69.0,1
5.96,3,5.8,1,3.8,3.1,3,52.9,35.0,0
6.63,2,5.0,1,6.2,5.8,2,70.9,59.1,1
8.33,3,6.6,1,6.3,6.6,2,81.4,70.4,1
8.0,5,6.7,1,7.9,8.1,2,70.8,77.2,1
7.19,2,6.9,0,6.7,4.1,3,83.5,58.2,0
8.01,4,7.6,1,7.9,7.5,2,80.7,78.4,1
6.06,1,6.4,0,5.9,4.5,2,56.5,48.3,0
8.06,2,5.2,1,5.9,4.7,1,88.2,50.5,1
6.75,2,7.9,0,5.0,3.9,4,58.7,67.7,0
7.74,3,8.4,0,9.1,9.1,2,72.8,82.8,1
7.97,4,7.8,1,6.4,7.3,4,90.8,79.0,1
5.73,2,8.2,0,5.0,5.6,0,54.3,84.1,0
6.13,3,6.1,0,5.3,5.8,2,58.4,68.6,0
5.98,2,7.2,0,3.0,3.2,0,52.4,50.6,0
7.31,5,6.7,1,7.5,8.9,3,78.5,74.9,1
6.75,1,6.6,0,5.2,4.9,1,61.9,58.9,1
5.97,3,6.8,1,5.4,4.9,2,48.3,52.5,0
8.68,5,6.8,0,6.8,6.6,3,85.4,67.5,1
7.88,3,7.4,0,6.5,6.6,2,84.2,66.7,1
7.94,4,7.9,1,6.8,5.7,3,73.3,63.0,1
6.1,1,5.9,0,6.6,5.6,1,60.5,51.1,0
6.95,2,5.8,1,8.1,7.0,1,73.4,65.9,1
7.25,2,6.7,1,7.3,6.6,1,68.2,59.7,1
7.42,6,7.0,0,7.2,6.1,3,85.5,58.4,1
6.53,1,4.8,0,4.4,4.0,1,57.3,44.8,0
7.78,5,8.2,1,7.6,7.1,4,72.2,80.1,1
6.04,1,5.9,0,6.4,5.7,2,64.5,49.5,1
7.15,4,8.4,1,5.6,5.0,2,70.6,70.5,1
6.89,4,6.5,1,5.9,5.4,2,59.7,64.0,1
7.05,2,6.6,0,7.4,6.7,0,63.3,63.4,1
6.46,6,4.1,0,7.6,6.8,5,59.0,53.7,1
8.59,6,8.5,1,8.7,7.8,4,90.8,90.8,1
6.78,3,6.4,1,5.5,6.0,2,61.7,65.7,1
6.71,4,6.7,0,5.7,5.2,2,62.9,58.4,0
7.79,0,5.9,0,5.1,4.0,0,62.2,47.0,0
7.05,1,6.9,1,5.2,5.6,2,69.7,71.2,1
7.18,4,5.2,0,8.3,8.1,1,74.8,54.8,1
5.78,0,5.2,0,4.2,3.3,2,40.0,46.5,0
5.93,3,8.1,0,6.9,6.8,1,62.8,77.7,1
4.94,1,6.9,0,6.4,5.2,2,49.8,64.7,0
8.59,4,5.8,1,7.8,7.9,3,97.0,56.8,1
7.39,4,5.5,0,8.5,7.1,3,81.5,60.7,1
7.6,3,7.1,1,6.2,7.2,1,82.5,69.3,1
6.92,3,6.5,0,5.1,4.6,3,65.4,47.1,0
7.37,4,6.2,0,7.6,6.2,2,72.4,52.9,1
7.79,4,6.4,1,8.3,7.8,3,86.0,67.8,1
6.99,3,8.4,1,6.1,6.9,1,61.3,75.2,1
5.5,1,5.9,0,5.6,5.9,2,50.3,54.5,1
7.32,4,6.2,0,8.9,7.9,1,72.4,72.5,1
7.25,2,6.0,0,5.6,5.7,2,76.8,46.6,1
7.0,5,8.0,0,6.6,7.5,2,65.6,74.1,1
7.56,4,7.8,1,7.7,7.6,2,78.2,76.4,0
7.62,3,7.5,1,5.5,6.0,1,67.4,69.3,1
6.42,2,6.2,0,6.1,5.3,2,56.4,47.1,0
7.98,6,5.4,0,7.7,7.2,2,78.9,58.8,1
6.05,2,5.9,0,5.6,5.3,3,53.7,47.2,0
6.6,2,6.1,0,4.9,4.2,1,47.0,49.0,0
8.27,5,6.3,0,7.9,8.8,1,90.1,64.7,1
7.72,4,8.3,0,7.0,7.5,2,78.0,82.2,1
7.23,2,6.2,0,6.3,5.9,1,64.6,57.0,1
7.03,3,7.7,0,6.4,7.0,1,73.8,61.6,1
7.12,3,6.2,0,5.7,6.2,2,73.1,59.4,1
8.38,5,7.6,0,7.3,8.8,3,87.1,75.0,1
7.93,5,8.3,0,6.5,6.0,4,76.9,69.9,0
4.63,1,7.3,0,4.8,4.0,1,41.4,60.7,0
6.55,1,4.6,0,4.7,4.7,2,45.8,44.8,0
7.74,3,6.1,0,5.0,6.3,1,65.6,60.5,1
8.78,3,8.8,0,8.6,8.7,1,94.4,96.0,1
5.24,2,5.8,0,5.0,4.8,0,35.6,55.1,0
7.26,1,7.5,0,5.8,5.1,1,61.4,67.9,1
6.33,2,7.5,0,4.3,4.6,2,58.9,73.2,0
6.31,2,6.4,0,6.6,6.1,0,66.0,46.5,0
6.29,2,7.7,0,5.5,5.7,2,64.5,70.1,0
7.96,3,7.5,1,5.1,5.7,1,71.5,67.0,0
8.42,3,5.8,0,6.6,6.3,3,85.9,49.8,1
7.33,5,5.4,1,7.5,7.0,4,68.9,59.4,0
6.52,3,5.7,0,6.0,5.1,3,52.4,57.5,0
7.65,3,9.1,0,6.8,6.2,1,74.2,81.0,1
7.23,5,7.1,1,6.8,6.5,4,68.5,63.6,1
7.14,1,7.2,1,6.2,6.7,1,71.8,62.6,1
8.38,1,6.7,0,6.4,5.9,4,78.9,54.3,1
7.14,5,5.7,0,7.5,8.0,3,68.4,69.4,1
5.9,3,5.6,0,5.8,5.9,3,59.7,65.6,0
7.02,1,4.8,0,4.8,5.3,2,62.4,53.2,0
9.0,6,6.7,1,6.6,7.1,3,97.6,72.4,1
7.93,2,6.6,0,5.4,5.0,0,73.2,56.8,1
7.01,5,9.3,1,6.7,6.2,3,83.9,74.4,1
6.22,5,6.2,0,6.0,5.1,3,60.8,56.0,0
6.3,0,4.8,0,4.8,5.0,0,51.0,52.1,0
7.49,2,6.5,0,5.8,5.9,0,75.1,67.6,1
8.25,4,6.8,0,7.6,7.0,2,81.9,69.3,1
6.9,4,6.3,0,6.8,7.6,2,67.4,63.6,1
6.71,5,6.7,1,7.0,8.0,3,62.2,67.1,0
8.1,4,7.7,0,6.6,6.5,2,82.7,70.7,1
6.35,3,7.4,0,6.2,6.1,3,57.5,62.5,1
6.79,1,5.8,0,5.6,4.8,0,60.6,63.8,0
6.68,4,6.4,0,6.7,7.1,1,74.7,62.4,1
7.28,5,5.7,1,8.0,7.2,1,74.2,70.4,1
6.75,1,6.0,0,6.7,6.7,1,66.0,51.6,1
5.4,4,5.2,0,4.9,5.5,3,56.4,44.1,0
6.91,2,5.0,0,6.2,6.4,1,61.0,57.1,1
6.96,1,5.6,1,5.3,4.9,2,50.4,38.9,0
8.22,2,7.4,0,6.5,5.6,2,87.0,65.3,1
7.04,1,4.1,0,5.6,5.8,2,52.2,47.3,0
4.59,0,4.7,0,4.1,4.5,1,50.6,36.2,0
6.59,3,7.8,0,7.1,7.6,2,75.2,61.1,1
6.6,1,5.6,0,5.3,5.5,1,57.4,53.3,0
7.16,3,6.2,0,6.3,7.0,2,74.6,58.2,1
7.52,2,7.3,0,7.2,6.8,2,73.1,68.7,1
6.12,1,7.7,0,4.3,5.3,1,60.7,64.5,0
8.24,5,8.3,0,8.6,8.3,3,74.9,72.3,1
7.94,2,7.6,0,5.8,5.1,3,75.7,63.2,0
6.19,4,8.2,1,6.4,7.2,3,67.3,77.0,1
5.24,5,4.5,0,4.7,4.7,2,55.6,40.9,0
7.51,4,7.9,1,7.4,7.4,1,83.9,78.8,1
7.78,4,6.5,1,7.5,7.5,2,80.5,74.1,1
6.81,0,5.9,0,5.7,4.2,1,62.4,54.8,0
7.58,5,7.0,0,8.4,9.1,2,71.9,63.1,1
6.15,3,6.4,0,5.8,5.4,2,57.0,57.2,0
6.0,0,6.3,0,4.9,4.9,1,62.0,64.2,0
5.42,3,6.6,1,5.6,4.9,0,41.7,59.0,0
8.34,4,6.0,0,7.7,8.0,2,80.1,68.6,1
7.09,5,6.7,0,7.7,7.6,3,77.5,63.7,1
7.98,3,7.2,0,5.9,5.9,1,66.4,67.3,1
7.21,1,5.4,1,7.1,6.7,1,61.0,59.7,1
8.22,6,6.1,0,7.9,7.3,2,84.0,64.9,1
6.47,5,6.0,0,6.7,7.2,3,68.7,53.5,1
7.24,1,6.2,0,4.6,5.3,1,67.5,45.3,0
7.58,5,6.9,0,6.7,7.4,0,82.5,71.3,1
5.27,0,6.0,0,5.0,4.7,1,47.8,58.0,0
6.04,3,6.7,0,6.9,7.4,2,78.2,53.4,0
8.32,3,6.5,1,7.9,8.4,2,94.3,71.1,1
6.09,2,4.8,0,5.1,4.6,2,59.9,57.6,0
5.98,0,7.6,0,4.2,4.2,0,46.1,69.3,1
5.65,1,8.7,0,4.9,4.3,0,54.0,66.4,0
5.9,0,6.0,0,3.6,3.4,0,47.7,48.6,0
6.81,3,6.1,0,6.9,6.1,1,65.5,52.1,1
6.99,1,6.2,0,6.5,4.9,2,64.9,63.5,1
7.85,4,5.4,1,5.8,5.3,4,65.5,49.2,1
5.31,0,4.7,0,2.5,2.5,0,35.6,35.0,0
7.45,3,6.0,1,6.4,7.1,2,74.1,58.3,1
8.01,4,8.1,0,6.6,6.2,2,96.1,79.1,1
7.37,2,7.5,1,7.3,6.7,2,75.6,73.1,1
7.6,2,5.9,0,4.8,4.8,0,59.4,58.5,0
7.67,3,8.4,1,7.6,7.2,2,83.0,74.0,1
6.47,2,6.0,1,4.5,4.9,1,54.2,57.4,0
8.3,5,7.7,0,9.1,7.7,1,81.7,70.2,1
6.07,0,5.8,0,4.9,3.2,0,55.0,42.9,0
8.36,5,5.3,0,6.7,7.2,3,83.1,56.7,1
6.26,1,7.6,1,4.6,5.1,1,47.6,64.4,0
6.37,3,7.3,0,7.0,7.5,1,68.7,76.8,1
5.24,2,7.0,1,6.7,6.2,2,46.0,66.3,0
6.65,2,7.5,0,6.4,6.6,2,66.5,66.6,1
7.06,3,6.1,0,6.2,6.5,1,72.2,63.6,1
8.28,4,6.5,0,9.5,7.8,3,93.9,62.7,1
6.14,3,6.8,0,7.1,6.6,2,74.9,75.1,1
7.42,3,5.2,0,6.8,6.8,0,76.6,65.7,1
8.21,4,6.7,1,9.2,9.2,2,91.4,81.7,1
7.73,5,7.3,1,6.9,7.9,1,76.0,81.1,1
7.09,2,5.2,0,6.3,6.1,2,66.0,55.9,1
7.88,5,5.8,0,6.2,6.9,3,81.5,60.5,1
7.71,2,7.6,0,5.1,6.2,1,77.2,60.6,1
7.85,3,5.7,0,7.1,7.7,1,76.6,61.7,1
7.85,1,7.4,1,5.0,6.3,1,79.5,72.8,1
6.55,2,4.8,1,6.7,6.0,0,72.3,55.1,1
7.26,2,7.4,0,6.0,5.4,1,80.1,69.6,1
6.36,0,5.0,0,5.3,5.3,1,50.5,42.0,0
7.41,2,8.8,1,6.1,6.4,1,81.6,74.2,1
7.44,5,5.0,1,7.3,7.7,4,73.9,72.1,1
6.02,2,5.1,0,5.7,6.6,0,53.4,52.1,0
6.26,3,7.8,0,7.3,7.0,2,69.8,75.0,1
8.77,5,4.7,0,7.2,7.8,2,88.6,51.1,1
7.4,3,9.6,1,7.5,5.9,2,67.0,75.1,1
6.07,0,3.2,0,4.6,4.0,1,54.8,36.7,0
5.01,0,6.2,0,4.7,4.6,0,43.1,54.1,0
5.04,1,6.5,0,3.0,3.1,2,41.0,53.7,0
5.68,2,5.8,0,3.9,4.3,1,39.8,40.5,0
6.8,5,8.4,0,6.7,6.6,3,62.3,67.5,1
6.66,2,6.9,0,6.2,4.8,1,66.6,67.7,1
7.17,1,5.9,0,6.4,5.8,1,67.4,57.0,1
6.38,3,6.7,0,6.7,6.3,1,61.9,51.6,1
7.27,4,5.8,0,6.7,6.4,1,68.3,59.2,1
6.41,3,5.1,0,5.5,5.9,2,63.6,60.5,0
6.38,2,6.2,0,4.9,4.2,1,62.6,48.7,0
6.98,3,4.9,0,6.2,4.8,0,72.6,44.6,0
5.35,2,5.3,0,4.4,5.8,0,46.5,56.2,0
6.1,3,6.8,1,7.4,7.4,2,57.7,72.7,1
6.55,4,6.3,1,8.6,5.7,4,64.9,60.9,1
6.67,5,5.7,1,5.9,5.6,2,66.7,55.7,1
7.03,6,5.1,0,8.7,9.0,3,72.1,71.2,1
6.51,5,3.5,0,7.7,7.6,2,70.7,40.1,1
4.5,0,4.5,0,3.0,3.1,1,35.0,41.1,1
7.65,3,5.3,1,5.2,5.9,3,69.2,66.8,1
6.03,2,5.5,0,4.3,3.3,2,53.2,53.8,0
6.59,2,5.7,0,5.3,4.5,1,57.2,53.1,0
5.39,1,7.5,0,4.3,3.0,2,38.4,63.9,0
6.28,2,6.4,0,7.7,8.0,2,65.2,64.2,1
7.1,4,5.5,0,7.5,8.5,3,68.2,53.5,1
7.45,0,6.5,0,6.5,5.1,1,68.0,54.3,0
6.27,2,6.0,0,4.6,5.1,1,46.5,53.9,0
6.91,5,5.4,0,5.0,4.7,2,66.3,57.1,0
7.44,3,5.0,1,5.3,5.5,2,63.7,55.7,1
6.37,2,5.1,0,4.7,5.3,0,55.6,40.6,0
5.42,0,6.2,0,2.5,2.5,1,35.3,35.0,0
8.13,5,6.6,1,7.9,7.7,3,87.1,84.5,1
6.54,3,6.3,0,6.3,6.3,3,59.1,55.5,1
7.2,3,7.8,1,5.7,5.0,1,72.7,70.0,1
7.86,1,7.1,1,6.4,6.6,0,71.2,77.1,1
7.24,4,7.4,0,8.2,7.2,3,79.2,84.0,1
6.35,2,7.2,0,4.0,4.6,2,56.6,65.5,0
5.27,0,4.1,0,4.5,4.6,1,45.6,35.0,0
7.62,3,4.7,0,8.2,7.3,2,66.6,71.1,1
6.54,5,6.3,0,6.0,7.0,1,46.5,47.2,0
6.99,5,6.9,1,8.5,8.3,2,76.1,81.9,1
5.71,1,5.2,0,5.5,5.5,0,43.4,45.7,0
7.04,5,7.8,0,6.7,6.8,2,73.5,72.9,1
6.84,3,5.6,0,5.4,7.0,1,67.7,63.3,1
6.9,2,6.1,1,6.4,7.5,1,71.7,56.6,1
7.32,1,7.0,0,6.1,4.8,1,76.4,56.7,1
6.49,2,7.1,0,5.4,4.9,1,48.3,48.2,0
6.3,0,6.1,1,5.5,3.9,0,65.3,56.9,1
6.19,0,6.8,0,4.5,3.1,0,51.5,52.8,0
6.62,2,6.8,1,5.4,6.1,0,65.2,58.0,0
8.54,3,7.5,1,6.5,6.8,3,78.8,77.6,1
6.13,2,3.0,0,6.4,6.4,1,57.8,41.0,0
7.28,3,6.3,0,6.4,6.1,1,74.1,58.0,1
8.11,4,7.4,1,6.2,6.9,3,65.9,77.1,1
5.48,1,4.2,0,2.8,2.8,1,41.1,35.0,0
8.07,3,8.7,1,5.4,5.9,2,63.6,77.6,1
7.09,0,5.6,0,3.5,2.7,0,57.7,43.7,0
8.67,6,7.2,1,9.8,9.4,3,88.7,77.7,1
5.01,1,5.2,0,6.1,6.5,0,38.7,60.4,0
6.48,1,5.2,0,4.3,4.8,4,55.3,44.5,0
6.86,4,5.7,0,4.7,3.9,2,65.1,65.1,0
6.52,3,9.3,0,4.8,4.0,2,60.9,73.4,1
6.0,2,5.4,0,4.3,3.8,3,53.1,51.0,0
7.17,3,8.0,0,7.9,8.0,3,73.8,72.8,1
6.05,3,5.9,0,4.9,4.6,2,53.4,65.3,0
7.19,5,6.6,0,5.3,5.7,2,68.2,52.7,0
5.71,2,6.4,0,6.7,5.1,2,62.9,61.3,0
5.19,1,8.4,0,3.6,3.8,1,50.7,52.1,0
6.74,3,5.9,1,7.5,6.3,2,60.3,56.4,1
7.21,3,6.2,1,9.4,9.1,2,69.5,71.2,1
6.73,1,6.3,0,6.5,6.8,1,72.0,74.5,1
6.5,2,5.6,0,6.9,6.2,2,68.7,59.5,1
7.69,2,4.6,0,4.7,5.6,0,73.7,43.3,0
6.07,0,6.0,0,5.8,4.8,0,50.4,57.2,0
5.55,1,6.9,0,7.0,6.3,3,63.6,64.1,0
6.4,3,8.2,0,7.5,6.2,2,73.9,78.6,1
8.2,7,6.5,1,7.6,7.0,4,84.0,72.3,1
7.12,2,7.1,1,5.9,6.0,2,66.0,63.7,1
8.89,3,6.5,0,7.9,6.7,3,99.0,71.8,1
6.75,5,6.3,0,8.6,7.4,2,82.8,68.5,1
5.67,1,7.9,0,5.8,4.1,0,52.5,62.5,0
6.01,3,6.2,0,5.5,4.3,2,47.4,54.2,0
9.18,2,7.0,0,5.8,6.6,3,96.7,62.5,1
8.77,6,4.2,1,8.6,7.9,4,100.0,57.7,1
5.73,2,8.1,0,5.7,5.2,0,53.7,68.4,0
5.93,2,7.2,0,6.7,7.0,1,50.8,70.4,1
6.84,4,6.6,0,6.3,5.3,3,68.2,57.1,1
5.98,1,7.4,1,5.1,5.2,1,51.5,59.7,0
7.38,4,6.9,0,7.7,8.8,1,70.3,70.7,1
5.96,4,4.9,0,7.8,7.3,1,59.4,51.5,1
6.12,1,5.6,0,6.2,5.1,0,67.6,46.5,0
8.84,3,5.5,0,6.4,6.9,3,97.1,59.6,1
5.84,1,5.7,0,4.4,4.6,0,54.4,49.3,0
7.01,3,8.9,0,5.4,6.2,2,65.8,80.3,1
5.89,1,6.6,0,4.7,4.2,2,47.3,46.2,0
7.19,5,8.0,1,6.6,6.8,2,91.5,70.9,1
6.05,0,4.6,0,3.9,4.2,2,45.4,44.1,0
6.81,2,6.5,0,6.7,6.1,0,65.3,60.8,1
7.9,3,6.2,1,8.1,8.1,0,83.6,75.2,0
6.97,2,7.0,0,7.2,6.1,2,61.9,69.3,1
5.5,2,8.1,0,6.0,5.8,2,44.8,78.3,0
7.82,5,5.4,1,6.9,6.2,4,77.0,49.0,1
6.6,2,7.6,0,5.6,5.3,0,70.3,69.5,1
5.91,3,8.2,0,5.6,4.8,3,56.7,76.8,0
7.04,4,7.0,1,7.0,7.5,1,65.1,68.3,1
7.12,0,5.5,0,5.7,5.5,0,71.6,51.5,0
8.07,6,6.4,1,8.9,8.5,2,85.9,66.3,1
5.61,1,4.9,0,5.3,5.8,2,50.2,44.5,0
5.95,0,5.4,0,4.7,5.2,0,53.7,58.5,0
6.1,0,7.0,0,4.4,5.9,1,50.7,64.1,0
6.69,2,4.7,0,4.7,4.0,2,58.7,53.2,0
7.29,5,5.8,1,8.3,6.3,2,80.5,52.9,1
5.98,1,6.0,0,6.2,4.7,2,47.1,63.7,0
8.34,3,7.0,1,7.2,5.7,1,77.0,65.3,1
7.59,5,5.8,1,6.6,7.4,2,64.5,61.0,1
7.39,2,4.8,0,4.3,5.1,0,67.4,49.3,0
6.84,2,6.5,0,7.1,6.2,1,67.2,71.3,1
6.46,2,5.7,0,5.3,6.4,3,57.9,49.4,0
7.99,7,7.7,1,7.6,7.5,3,86.9,63.7,0
8.55,5,6.6,1,7.0,8.3,2,92.6,80.2,0
8.18,3,7.5,1,7.6,7.8,1,79.4,60.2,1
8.09,4,6.5,0,7.7,6.9,1,81.3,63.1,1
6.33,2,5.8,0,7.0,7.2,0,61.8,58.2,0
5.34,1,5.9,0,5.1,4.5,0,43.8,54.6,0
6.58,3,7.0,0,6.4,6.3,1,73.7,67.3,1
5.9,1,6.7,0,4.3,5.4,1,46.4,59.9,0
6.3,2,5.6,0,5.7,5.8,3,66.4,49.1,0
7.46,4,6.9,1,6.3,5.7,4,71.5,69.7,1
7.44,4,8.7,1,5.9,5.0,3,64.1,76.5,1
7.05,3,4.6,1,7.5,7.9,2,77.7,64.5,1
7.92,6,6.3,1,9.4,9.7,2,87.4,75.6,1
5.93,1,6.9,0,5.4,4.6,1,57.1,65.0,0
8.01,2,7.3,0,7.6,6.6,3,75.1,78.3,1
7.97,2,8.8,1,5.8,5.3,1,75.0,83.5,1
6.82,5,7.1,0,8.0,6.9,2,74.8,68.2,1
6.65,2,5.4,0,5.8,6.4,1,61.8,58.0,0
8.47,3,8.1,0,6.9,6.4,3,77.7,71.9,1
7.89,2,6.2,0,7.2,6.0,0,81.8,61.9,1
4.87,1,6.4,0,4.8,5.0,0,53.8,56.7,0
5.57,0,5.4,0,3.3,3.5,1,44.2,45.0,0
6.67,5,5.5,1,8.1,7.7,2,67.6,51.5,1
6.91,0,5.3,1,3.3,4.6,2,58.4,59.7,0
7.33,5,6.8,0,7.2,6.4,1,83.9,63.7,1
6.41,2,6.7,0,7.0,6.8,1,61.0,62.7,1
7.37,2,6.1,1,7.0,6.3,0,69.7,69.9,1
6.67,4,6.2,1,7.5,6.4,2,69.0,60.4,1
7.51,4,7.6,0,6.5,5.4,3,76.5,69.9,1
6.8,3,3.6,0,5.0,4.8,1,73.1,44.3,0
8.51,4,8.6,1,8.4,7.6,2,89.1,87.8,1
6.24,3,7.6,0,7.5,6.3,1,66.5,76.8,1
7.07,2,8.8,0,4.8,5.0,1,68.7,66.4,1
7.2,2,8.9,0,6.4,6.1,3,65.1,77.8,1
6.81,4,8.3,1,5.5,7.1,2,63.9,69.3,1
6.92,3,6.5,0,6.6,5.8,2,75.3,62.5,1
6.79,6,7.0,0,7.0,7.4,4,65.4,60.5,1
8.81,5,5.6,1,6.0,6.4,0,88.3,59.4,1
7.53,4,8.2,1,8.1,7.8,3,71.4,62.1,0
7.78,3,5.6,0,4.4,4.1,3,71.7,56.6,0
8.37,4,8.4,0,7.5,6.1,3,82.8,84.1,0
7.79,3,7.6,0,5.8,5.8,1,78.2,70.6,1
8.54,5,10.0,1,8.6,8.1,2,93.6,77.7,1
5.36,0,4.8,0,5.0,5.1,0,50.0,46.4,0
6.95,1,7.5,0,7.2,6.9,0,69.8,67.1,1
6.23,1,6.6,0,5.8,5.8,0,73.2,54.3,0
7.42,4,7.6,1,7.9,9.1,2,81.2,73.7,1
5.95,2,7.0,0,5.4,7.3,0,57.1,72.8,0
7.93,3,6.4,1,7.1,7.5,3,86.4,59.0,1
7.68,6,7.5,0,7.5,7.6,3,79.6,71.9,1
7.78,4,5.8,0,8.3,7.8,4,81.7,53.5,1
7.32,7,7.1,1,8.3,7.4,3,70.6,80.6,1
4.85,3,6.8,0,4.8,5.8,1,42.1,52.5,1
6.4,4,7.0,0,6.4,5.6,2,62.6,77.3,1
6.28,2,6.3,0,5.8,4.2,3,66.0,48.3,0
6.57,2,6.0,0,6.0,6.3,2,52.5,52.2,0
7.6,2,6.9,0,7.0,6.0,2,82.6,59.5,1
7.19,3,5.5,0,5.0,5.3,2,67.6,51.9,1
8.48,5,9.2,1,7.5,7.9,2,88.4,85.4,1
8.76,4,7.6,0,7.5,7.6,3,89.2,75.0,0
6.75,5,6.0,1,6.9,5.9,2,74.9,53.8,1
6.64,3,5.5,0,6.8,7.1,2,58.8,55.7,1
7.09,6,9.1,1,7.8,7.3,4,74.1,80.7,1
8.21,3,6.7,0,6.4,5.2,1,75.4,73.6,1
7.08,3,5.7,0,5.5,5.1,2,62.9,44.4,0
7.3,3,3.6,0,8.1,7.0,2,78.4,55.4,1
6.86,5,5.8,1,7.4,6.7,3,65.6,55.9,1
6.93,1,6.2,0,5.7,4.3,1,74.8,68.2,0
6.56,3,5.3,1,5.2,5.2,1,58.2,57.5,0
7.31,2,5.4,0,6.1,6.1,2,72.9,60.2,1
6.9,2,7.1,0,6.1,6.4,3,70.1,63.8,1
7.17,2,5.6,0,5.1,4.6,0,61.0,57.0,1
7.01,2,3.9,0,5.6,4.7,2,60.2,35.0,0
7.01,2,7.8,0,7.2,5.6,3,66.7,78.1,1
6.88,4,5.3,1,6.4,4.9,4,58.3,57.9,1
6.62,3,6.3,0,6.2,6.0,3,60.6,58.5,1
8.09,2,8.2,0,8.7,7.3,0,97.3,75.3,1
8.12,4,7.4,0,8.2,7.1,3,81.5,70.1,1
5.77,1,5.9,0,4.2,4.6,1,56.7,51.5,0
7.42,2,7.6,1,5.8,6.5,2,67.9,79.6,1
5.81,2,6.3,0,6.5,7.3,1,58.5,52.2,0
6.73,3,6.1,0,5.8,4.7,2,66.5,61.7,1
6.19,3,3.6,0,8.0,7.0,1,46.6,47.2,0
6.61,2,5.7,0,4.0,4.5,0,40.2,54.7,0
7.37,4,7.5,1,8.0,7.6,2,78.7,72.4,1
5.75,1,6.0,0,6.0,5.3,3,65.9,63.1,0
7.51,6,10.0,1,6.5,7.2,4,69.8,93.1,1
7.0,4,6.9,0,6.6,6.4,3,75.4,66.4,1
7.46,5,5.3,0,6.6,6.0,3,72.5,47.8,1
6.78,0,4.1,0,3.8,3.7,0,58.6,42.3,0
5.68,2,6.4,0,7.5,7.4,0,63.7,69.0,1
5.47,1,4.6,0,3.9,4.9,2,44.7,43.0,0
8.96,4,7.0,1,7.6,7.0,1,89.5,64.0,1
6.9,2,6.5,0,7.4,6.8,2,67.9,60.7,1
6.08,4,5.8,1,6.4,6.3,2,50.7,57.0,0
9.57,4,6.7,0,6.6,7.2,1,90.2,70.5,1
6.41,4,6.7,0,6.7,6.8,1,60.4,71.5,1
7.64,4,5.8,0,6.9,7.5,1,82.6,57.0,1
6.84,5,7.5,0,5.7,6.2,2,63.5,68.5,1
6.79,2,6.0,0,5.3,5.4,2,60.4,60.0,0
7.11,5,6.6,1,7.7,8.1,4,76.2,70.1,0
6.64,6,8.3,0,7.6,7.0,5,73.4,90.3,1
6.73,5,5.3,0,6.7,6.2,2,68.6,53.7,1
6.91,3,5.1,0,6.0,5.9,2,71.4,55.2,1
7.56,2,4.5,1,4.9,5.7,1,69.5,62.4,1
5.97,3,7.8,0,5.2,5.0,3,57.9,59.2,0
8.23,7,8.4,1,8.8,8.2,2,86.0,88.3,1
7.3,3,5.2,0,6.0,6.0,1,71.0,61.9,1
6.6,1,6.2,1,5.8,4.9,2,57.8,64.0,0
6.69,3,6.4,0,5.5,6.1,1,69.0,51.1,0
6.56,4,4.4,0,7.5,6.3,1,57.9,55.9,1
9.35,7,7.7,1,10.0,10.0,5,100.0,78.5,1
7.06,4,6.7,0,7.4,6.9,1,80.0,68.0,1
5.58,2,6.3,0,4.0,5.5,2,55.5,61.9,0
6.41,0,4.4,0,2.9,3.4,0,52.9,42.7,0
7.31,3,7.2,0,6.9,6.3,0,75.1,63.0,1
8.03,4,6.7,1,9.0,9.0,2,84.7,81.7,1
8.15,4,5.5,0,7.2,7.8,2,75.0,55.5,1
6.83,2,7.1,0,6.9,6.6,1,81.0,66.3,1
7.68,3,8.4,1,6.4,7.6,2,69.2,68.6,1
6.54,1,7.1,1,5.4,4.6,1,51.1,56.6,0
7.82,1,7.2,1,7.1,6.9,0,90.2,68.5,1
5.68,0,6.3,0,3.5,3.2,1,36.3,49.9,0
6.44,3,7.6,1,5.7,5.9,0,59.8,80.0,1
7.4,6,8.7,0,7.2,8.4,2,79.4,78.8,1
7.65,3,4.0,0,7.8,7.6,1,69.1,47.1,1
4.99,0,5.4,0,3.1,2.5,0,41.3,35.0,0
7.87,4,7.1,0,5.8,5.0,3,67.7,60.5,1
7.08,4,4.7,1,8.0,7.0,3,65.5,71.9,0
6.47,1,5.7,0,6.0,5.6,0,54.4,59.9,0
6.83,3,6.2,1,6.8,5.9,2,80.9,65.1,1
7.1,3,3.9,0,4.9,4.6,3,60.1,45.1,0
7.44,4,4.9,0,5.8,7.8,2,70.9,60.4,1
6.25,0,4.4,0,4.6,3.6,0,49.9,42.7,0
6.95,4,5.7,0,7.6,7.3,1,75.2,53.4,1
6.02,1,4.6,0,5.6,4.7,0,51.3,35.0,0
7.16,3,5.4,0,8.1,7.6,0,76.2,58.6,1
7.64,3,6.9,0,8.5,7.5,3,80.5,81.0,1
7.06,5,4.2,1,8.1,7.8,2,70.9,51.4,0
6.87,4,5.5,1,6.4,5.4,1,73.6,58.6,1
6.76,1,6.9,0,5.8,5.4,3,58.4,63.9,0
8.06,5,9.1,1,9.3,9.6,2,99.1,92.2,1
7.35,4,5.0,0,7.1,8.0,2,56.3,55.7,1
7.36,2,6.1,0,6.4,6.7,4,75.9,68.0,0
6.96,5,7.8,0,7.9,7.5,2,79.1,63.9,1
7.27,3,8.0,1,7.2,6.5,3,78.5,88.6,1
7.64,5,6.5,1,6.9,6.5,2,63.5,52.3,1
7.06,3,7.3,0,5.4,4.9,2,69.2,63.2,1
6.92,1,6.2,0,3.3,3.5,0,66.0,47.3,0
5.14,1,5.2,0,5.8,6.3,0,44.5,48.5,0
8.26,5,9.7,0,6.1,6.2,3,80.5,83.1,1
6.84,6,6.3,0,9.4,8.6,0,68.8,69.7,1
5.52,1,5.5,0,4.5,3.5,0,49.1,56.7,0
7.11,6,5.7,1,8.2,7.5,3,58.0,60.7,1
6.93,3,4.2,0,7.3,6.5,4,74.3,50.0,1
5.32,1,6.7,0,4.2,4.1,2,35.6,52.4,0
7.51,5,7.6,1,6.9,7.3,3,87.0,76.3,1
5.23,0,7.1,0,4.1,5.1,1,35.0,59.9,0
6.21,1,4.7,0,5.5,4.9,1,60.1,49.1,0
7.59,3,7.4,0,6.4,6.8,2,65.9,80.3,1
6.7,1,7.9,0,6.3,5.5,0,59.4,74.6,1
6.21,1,7.1,0,7.3,6.1,0,59.8,55.6,0
7.46,5,6.4,0,8.5,9.3,3,80.1,56.8,1
6.29,0,6.5,0,4.6,3.9,1,52.0,60.5,0
6.8,3,7.4,0,5.7,5.0,3,67.5,54.3,1
8.58,3,8.0,1,7.3,6.9,2,95.3,79.0,1
6.63,2,6.5,0,5.8,6.1,1,71.6,57.3,1
6.64,3,6.8,0,8.5,7.8,2,69.3,61.1,1
6.82,1,6.2,0,5.2,5.2,0,62.7,49.6,0
9.8,8,8.5,1,8.7,8.8,3,100.0,96.0,1
7.45,6,8.0,1,8.9,8.5,2,71.4,79.9,1
7.42,3,6.6,0,6.3,7.5,2,65.5,61.9,1
5.7,3,6.8,0,6.4,6.5,1,52.7,46.6,0
9.26,4,6.9,1,7.9,7.9,2,96.9,79.3,1
6.54,0,5.2,1,5.1,4.7,1,65.5,60.4,0
7.99,3,7.9,0,6.8,6.9,1,79.7,72.3,1
7.32,4,7.8,0,7.4,7.3,1,78.3,73.9,1
5.6,1,6.7,0,5.3,4.0,3,37.9,52.6,0
6.76,3,5.9,0,7.5,7.1,1,74.1,58.1,1
7.91,3,5.7,0,6.9,6.2,2,78.0,55.8,1
8.51,5,8.1,1,8.1,7.3,2,92.6,66.8,1
7.57,4,5.4,1,6.6,7.4,0,79.0,63.2,1
7.79,2,4.8,0,6.8,6.6,2,80.2,60.4,1
7.9,4,6.6,1,7.1,6.8,2,82.2,49.1,1
8.44,8,8.3,1,9.6,9.9,3,100.0,81.0,1
6.43,3,6.0,0,4.7,4.0,2,60.1,53.4,0
8.1,3,6.2,1,7.2,6.7,1,79.2,79.6,1
5.76,1,4.6,0,5.0,4.8,0,55.4,35.0,0
6.22,1,6.6,0,5.1,4.2,2,50.1,68.2,0
5.49,1,5.2,0,3.1,3.0,2,40.7,43.6,0
7.48,4,8.0,1,6.8,6.0,3,73.6,68.2,1
6.04,0,6.3,0,2.5,2.5,1,48.7,35.9,0
4.5,0,6.1,0,3.0,3.4,2,35.0,51.2,0
7.04,4,4.7,0,8.2,7.3,2,72.5,63.9,1
7.24,1,5.5,0,6.9,6.9,2,76.7,60.6,1
6.73,1,6.4,0,5.7,5.6,1,67.8,60.5,1
8.6,3,6.4,1,8.7,8.2,3,94.2,71.4,1
7.93,5,7.2,1,7.5,7.5,3,88.9,75.7,1
5.32,1,6.4,0,5.9,5.2,0,39.7,65.9,0
5.76,3,4.8,1,6.0,5.2,0,58.7,51.0,0
7.7,5,7.6,0,8.5,9.2,1,91.7,82.0,1
8.78,7,6.6,1,10.0,8.1,2,92.8,86.0,1
8.65,4,5.6,0,6.8,6.5,2,90.9,57.5,1
8.3,4,7.9,1,7.0,7.3,2,87.9,78.6,1
7.25,3,5.7,1,4.2,4.9,2,73.9,54.5,0
5.28,0,5.1,0,5.3,5.1,0,43.2,35.8,0
6.63,5,6.5,1,7.1,5.6,3,70.7,75.4,1
7.13,3,7.2,0,6.1,5.2,2,64.6,71.2,1
5.77,4,6.7,0,4.3,3.9,3,47.1,56.6,0
5.57,2,5.8,0,4.0,5.4,1,45.9,43.3,0
6.2,2,5.5,0,5.1,5.0,1,67.2,48.6,0
4.78,2,4.3,0,4.1,4.1,2,35.0,35.0,0
7.58,3,6.2,0,6.5,5.9,3,72.2,57.7,1
6.11,2,5.6,0,4.3,3.8,1,51.6,48.1,0
4.52,0,5.4,0,2.5,2.5,0,35.0,39.6,0
6.34,5,7.9,0,6.7,7.3,5,73.0,69.3,1
7.24,5,7.3,1,8.3,6.9,3,69.2,77.4,1
7.11,3,5.9,0,6.4,5.5,2,72.2,64.8,1
7.51,5,5.9,1,6.5,7.4,3,70.0,72.6,1
5.79,2,6.9,0,5.3,5.4,1,53.3,68.2,0
8.57,6,6.0,0,7.1,6.9,3,85.8,61.7,1
6.99,3,6.8,0,7.4,7.1,2,68.8,66.0,1
7.89,3,7.3,1,6.8,6.7,2,85.7,59.6,1
7.27,1,6.8,0,5.0,5.1,0,65.9,67.9,1
8.32,2,6.4,0,6.1,5.7,3,73.7,61.9,1
4.5,0,4.9,0,2.6,3.6,1,35.0,40.7,0
6.17,1,6.6,1,5.0,5.4,1,51.5,47.7,0
7.29,2,4.6,0,3.6,3.6,4,65.9,39.8,0
7.09,2,6.0,1,5.9,6.4,2,72.3,59.1,1
8.81,1,7.4,0,6.1,5.5,3,81.2,69.4,1
6.71,3,7.0,1,5.4,5.6,1,69.7,64.2,1
7.66,1,5.0,0,5.3,5.3,0,78.4,51.0,1
5.22,1,4.8,0,2.6,4.0,1,39.9,42.5,0
6.19,7,8.0,0,9.3,9.3,3,69.0,85.8,1
5.87,1,4.8,0,4.6,5.2,1,50.1,46.0,0
5.74,2,7.6,0,5.7,4.9,2,47.2,49.2,0
6.1,2,6.1,0,4.0,4.0,1,58.1,65.9,0
7.47,5,5.3,0,7.4,7.2,2,72.2,66.1,1
8.24,6,6.3,1,9.2,8.4,3,82.1,64.3,1
6.42,1,5.9,1,6.3,5.4,1,54.7,70.4,0
7.75,3,4.4,0,7.2,6.8,0,77.7,49.0,1
6.39,1,4.3,0,5.2,5.3,2,49.1,53.8,0
7.15,1,4.1,0,6.1,5.5,1,71.3,50.1,1
7.69,4,6.4,1,7.3,6.1,2,78.2,67.7,1
6.1,0,5.2,1,2.5,3.3,0,51.9,47.7,0
7.4,3,7.4,0,5.4,6.0,0,68.4,67.1,1
6.89,1,8.8,0,6.4,5.4,1,63.5,84.1,1
8.52,6,8.0,1,10.0,9.1,3,98.7,81.9,1
7.09,0,4.2,0,5.3,4.5,0,52.7,55.4,0
6.7,4,4.9,0,5.8,4.8,2,66.5,50.1,0
7.06,6,5.7,0,8.1,6.8,1,79.7,52.5,1
6.26,4,6.7,0,5.1,6.2,3,56.2,65.2,1
6.64,0,7.2,0,5.1,6.3,0,62.0,58.2,0
7.91,7,6.0,1,9.5,10.0,3,82.7,74.6,1
6.99,2,6.8,0,5.7,5.5,1,68.2,62.6,0
8.68,4,7.2,0,5.7,6.0,3,87.5,68.4,1
8.55,6,7.6,1,7.6,8.6,3,84.2,71.4,1
7.27,3,7.5,1,6.9,5.7,2,80.5,64.1,1
6.87,0,6.3,0,2.5,2.5,0,49.5,43.6,0
7.93,5,7.0,1,8.5,7.7,0,82.7,85.9,1
6.51,4,4.9,0,5.2,4.6,2,54.4,53.0,0
6.76,5,8.3,0,8.4,8.1,2,68.0,80.2,1
8.15,3,7.6,0,6.5,6.7,2,79.4,71.3,1
5.78,2,6.1,0,5.8,6.3,3,62.8,63.8,0
5.7,1,7.9,0,5.5,5.0,0,66.3,60.3,0
8.14,6,6.4,1,8.9,8.2,3,88.2,64.0,1
7.44,4,6.5,0,7.0,8.0,2,61.0,65.8,1
7.63,2,5.2,0,5.9,6.3,1,78.4,61.5,1
7.7,3,5.3,0,6.2,4.8,1,68.9,50.3,1
7.5,3,6.8,1,8.7,6.3,1,74.1,69.6,1
6.3,3,7.1,0,6.6,5.7,2,58.6,70.1,1
6.16,5,6.5,1,10.0,8.1,3,67.2,68.9,1
6.53,2,4.5,1,5.0,5.7,2,45.7,44.0,0
7.48,2,6.2,0,6.5,6.0,1,83.1,62.4,1
7.31,4,6.3,1,5.8,5.9,4,71.1,63.5,1
6.67,1,5.9,0,4.0,3.6,1,57.3,41.6,0
7.84,4,7.3,1,7.5,6.8,2,73.2,82.0,1
6.83,3,5.6,0,3.9,4.1,1,66.8,55.5,0
6.55,1,5.0,0,4.7,4.3,1,61.0,48.3,0
6.67,3,7.1,0,6.6,6.1,3,65.4,59.0,1
7.7,3,7.3,1,8.6,8.0,1,81.6,74.3,1
7.91,4,6.3,1,9.7,9.0,1,83.1,77.9,1
8.58,4,6.8,1,6.9,6.7,2,88.9,68.8,1
6.94,5,6.9,0,7.1,6.8,4,76.3,64.0,1
4.5,0,6.5,0,4.1,3.5,0,35.0,51.1,0
5.23,2,6.5,0,7.1,5.8,2,67.2,60.7,0
6.55,1,5.8,0,6.0,5.1,0,63.6,54.2,0
5.75,1,6.2,0,4.8,4.9,2,59.8,54.8,1
6.27,4,5.9,0,8.3,7.9,2,72.2,69.6,1
9.19,7,4.7,1,10.0,9.5,3,97.9,68.2,1
8.08,3,7.6,1,6.6,5.7,3,77.5,70.5,1
5.26,2,4.5,0,5.3,3.9,1,53.0,44.3,0
7.53,1,6.6,1,4.9,5.4,1,61.2,54.9,1
6.36,0,4.4,0,5.9,5.9,0,58.2,39.9,0
8.6,6,7.1,1,8.0,8.1,2,93.5,76.0,1
8.39,4,6.6,0,5.9,4.7,2,77.7,56.7,1
6.4,0,7.4,1,4.7,4.4,0,59.0,56.0,0
6.45,5,8.7,0,6.1,6.1,3,56.9,70.2,1
7.89,1,4.2,0,5.3,5.5,1,86.7,41.0,1
7.82,5,7.2,0,8.3,8.2,2,80.9,73.5,0
6.96,3,5.4,0,4.5,4.8,1,64.9,51.5,0
7.38,2,6.5,0,5.2,6.1,1,69.2,58.3,1
6.45,5,6.5,0,8.5,7.8,2,65.8,62.0,1
7.2,3,6.0,1,7.7,7.0,1,70.9,69.0,1
6.39,4,7.6,0,6.0,6.3,1,58.6,70.8,1
6.36,2,7.9,0,5.9,6.6,1,60.3,72.8,1
6.89,2,5.0,0,4.6,5.4,2,65.8,57.0,0
7.6,2,8.3,0,4.7,5.3,4,79.4,61.2,1
7.79,3,7.2,0,6.8,6.6,3,77.9,73.3,1
7.27,3,7.4,0,6.7,6.8,3,74.7,79.1,1
6.3,4,6.4,1,6.8,6.3,2,61.2,62.3,1
6.19,3,6.4,0,7.1,7.3,1,72.5,64.1,1
8.14,3,7.3,0,5.6,5.0,3,81.7,60.2,1
8.05,4,5.0,0,8.5,7.7,4,78.2,64.9,1
7.66,4,5.7,1,6.0,6.6,3,81.1,67.0,1
6.59,4,5.0,0,6.5,6.4,1,54.6,52.0,1
5.84,2,5.3,0,3.6,4.1,2,54.8,44.2,0
7.41,3,7.6,1,8.0,8.7,2,81.0,76.8,1
6.12,4,5.2,0,6.9,6.4,1,64.9,68.6,1
6.33,3,6.4,1,5.3,6.3,3,56.4,65.7,1
5.52,0,5.6,0,2.5,2.5,2,39.6,43.7,0
6.16,2,5.9,0,5.5,5.4,1,67.9,53.9,0
7.59,5,6.4,1,7.8,7.5,3,72.0,69.4,1
4.68,0,3.5,0,4.1,4.0,0,46.4,37.7,0
6.92,1,5.6,0,6.1,5.8,1,64.1,52.5,0
6.0,0,5.3,0,4.9,4.9,1,56.3,52.8,0
6.0,0,5.0,0,5.0,4.7,1,55.8,47.3,0
6.29,0,7.2,0,5.1,4.9,1,60.6,57.0,0
6.2,1,3.6,0,4.1,4.0,2,46.0,35.0,0
8.45,6,9.0,0,10.0,9.3,2,83.5,78.8,1
6.69,3,5.4,0,5.8,6.1,3,68.8,51.7,0
8.17,4,6.6,1,8.9,7.9,3,86.1,75.1,0
6.95,0,6.9,0,6.4,5.2,0,61.4,69.8,1
7.2,4,7.6,0,6.2,3.8,1,65.7,81.3,1
7.45,4,6.2,0,7.5,6.8,2,84.6,78.7,1
7.42,1,6.0,0,6.2,6.0,2,66.4,54.1,1
6.71,2,7.4,1,6.4,6.5,1,69.6,75.1,1
6.8,4,5.5,1,5.0,5.9,3,58.9,54.2,1
5.37,0,5.6,0,5.5,4.9,0,46.4,56.4,0
5.0,0,5.5,0,4.9,5.5,0,47.1,55.3,0
6.45,0,4.0,0,2.5,2.6,2,55.2,38.0,0
8.09,3,8.5,0,6.3,5.7,1,76.9,70.2,1
7.59,4,6.4,1,8.3,8.3,2,86.9,73.7,1
6.94,1,6.5,0,7.2,6.9,2,71.2,71.3,1
6.06,5,7.0,1,5.7,6.3,3,59.9,73.0,1
6.1,1,6.9,0,4.2,4.0,2,49.2,50.0,0
7.56,2,6.2,1,7.5,6.1,2,70.6,65.3,1
6.94,4,7.4,1,6.8,8.3,2,79.3,82.6,1
5.84,4,7.2,0,4.1,4.5,1,48.9,64.1,0
8.05,6,6.4,0,8.1,7.9,3,91.1,66.4,1
8.15,3,4.0,0,6.9,7.4,2,74.0,46.1,1
8.44,6,6.6,0,9.9,10.0,2,91.4,75.1,1
8.27,5,7.2,1,6.2,8.1,3,95.4,68.4,1
8.08,4,6.1,0,5.2,5.8,2,82.3,48.8,1
7.34,3,5.1,1,7.1,6.7,2,69.5,59.5,1
7.79,3,6.2,0,7.5,7.2,1,75.3,66.7,1
5.87,3,7.1,0,6.7,6.2,1,54.1,61.9,0
7.59,5,4.7,1,5.9,6.7,3,64.1,72.4,1
8.5,5,7.2,1,7.3,6.7,1,94.8,59.8,1
9.33,3,8.1,1,7.2,7.5,3,95.4,70.8,1
6.63,2,6.3,0,6.1,5.7,1,69.0,45.9,0
9.01,6,7.6,1,10.0,10.0,4,96.4,79.6,1
6.81,2,5.7,0,5.2,5.7,2,73.4,55.1,0
5.56,1,7.5,0,6.1,5.3,1,52.7,53.9,0
8.63,6,8.0,1,9.0,8.7,2,84.6,77.1,1
6.52,4,5.7,0,5.6,6.1,1,55.9,57.1,0
8.65,6,7.4,1,9.4,9.2,2,91.6,76.5,1
7.14,1,7.7,0,5.2,4.9,1,54.1,71.8,1
6.41,4,7.0,0,5.1,4.9,1,56.2,54.6,0
7.71,0,6.4,0,5.3,5.9,1,77.7,57.7,1
8.22,2,6.1,0,7.7,7.9,3,89.3,57.6,1
7.11,3,7.8,1,5.4,5.0,3,72.7,71.6,1
7.35,1,5.3,0,6.6,5.1,1,56.0,59.6,1
7.45,2,6.9,0,6.9,5.4,1,65.9,64.5,1
7.35,2,7.1,0,5.3,5.3,2,77.4,46.2,1
7.44,7,8.5,1,8.4,6.0,5,68.0,83.4,1
5.44,3,6.7,0,4.9,5.9,2,53.3,54.7,1
7.55,6,6.7,0,8.6,8.0,2,88.2,68.6,0
7.5,3,5.1,0,5.6,6.0,0,70.5,49.1,1
5.85,3,6.8,0,5.6,5.0,0,42.2,61.7,0
7.2,3,5.1,0,5.3,5.3,1,63.6,42.7,0
8.21,5,5.3,1,8.1,8.1,2,72.0,67.3,1
6.99,2,6.3,0,6.0,6.3,2,79.1,62.5,0
5.99,1,6.6,0,4.1,5.3,3,52.9,53.3,0
8.05,4,5.0,0,6.1,6.0,1,92.2,42.3,1
7.48,3,5.6,0,7.3,8.0,0,83.7,68.8,1
5.69,2,7.8,0,6.5,5.4,2,55.1,69.4,0
6.44,8,8.6,1,9.6,10.0,2,76.3,92.8,1
6.5,2,6.0,0,3.4,4.1,2,50.2,50.4,0
7.24,3,7.1,0,5.2,5.4,2,57.6,61.4,1
6.67,0,6.0,1,3.6,4.3,1,55.0,49.9,0
5.3,0,3.7,0,4.6,4.6,0,40.4,36.4,0
6.38,2,5.1,0,6.9,5.5,1,71.0,49.0,0
7.44,4,7.9,0,7.2,6.6,2,79.3,74.0,1
6.22,2,6.4,1,6.1,5.7,2,56.3,63.3,0
7.71,5,9.1,1,8.8,8.3,4,81.4,90.6,0
6.84,3,7.6,0,6.7,5.8,2,70.7,79.1,1
7.03,4,4.4,0,6.9,6.4,2,70.0,37.9,1
4.5,3,4.6,0,5.2,4.2,2,35.4,46.7,0
5.92,3,7.1,1,5.9,5.2,2,48.9,66.1,0
7.69,3,9.2,1,5.6,5.5,1,82.8,73.2,1
5.55,4,6.2,0,6.1,3.0,3,49.4,68.1,0
5.84,4,6.6,0,7.6,6.1,3,65.8,65.9,1
9.62,6,7.1,1,9.5,8.9,3,100.0,71.3,1
6.87,3,8.7,0,6.6,5.7,2,72.2,85.3,1
6.89,5,6.6,1,7.3,8.2,2,76.4,73.8,1
7.89,2,9.3,1,6.9,6.0,0,84.3,73.2,1
7.17,4,5.8,1,7.3,7.4,3,83.5,60.1,0
6.8,1,7.8,1,6.1,6.6,0,62.8,64.5,1
7.62,5,7.1,1,7.8,8.1,3,71.7,78.3,1
6.48,1,5.0,0,7.3,6.9,0,58.1,49.2,0
5.22,1,4.1,0,4.6,3.7,0,35.5,36.0,0
9.2,3,5.6,0,6.5,6.4,1,89.2,60.8,1
6.95,1,4.4,0,4.9,5.6,1,56.5,58.5,0
7.56,2,5.8,0,6.8,7.3,1,70.6,57.7,1
7.51,5,5.7,1,7.1,6.8,3,76.3,64.6,1
7.16,0,7.8,0,6.1,4.8,0,63.3,60.3,1
7.72,2,6.1,0,5.3,5.3,4,64.3,48.4,1
9.39,7,5.8,1,9.6,9.5,4,100.0,70.1,1
7.13,2,4.5,1,5.3,5.9,3,69.6,48.3,0
6.85,4,6.7,0,6.5,7.0,1,69.4,75.8,1
6.77,2,7.2,0,5.8,5.0,3,64.2,54.8,1
6.22,2,5.2,0,6.5,5.7,1,50.4,52.0,0
7.38,3,7.2,0,5.5,5.5,2,80.0,61.7,1
7.86,4,4.6,1,7.4,7.8,2,77.6,55.1,1
8.88,6,7.6,0,7.9,7.1,3,100.0,79.8,1
7.11,5,7.5,1,7.1,7.8,2,83.3,73.6,0
5.54,1,4.7,0,3.9,3.9,0,35.0,42.2,0
7.4,2,5.7,0,4.7,6.4,2,80.8,59.5,1
8.85,4,6.5,1,8.6,7.6,3,95.7,67.5,1
8.09,4,7.3,1,7.2,6.8,2,75.9,77.0,1
7.37,2,3.9,0,5.3,5.2,1,77.6,41.4,0
6.88,0,7.2,0,3.0,2.8,1,52.8,54.4,0
6.45,0,6.1,0,4.3,3.6,0,58.7,47.6,0
7.93,4,5.0,0,8.6,8.0,4,81.1,59.3,1
6.06,2,6.2,0,5.1,4.8,1,42.3,43.6,0
7.37,0,6.3,0,4.8,5.9,0,66.2,58.5,1
6.37,3,5.3,1,6.8,6.4,3,56.5,48.3,1
6.05,4,4.9,0,4.7,5.2,2,63.0,52.6,0
7.13,4,8.2,1,7.7,6.9,1,65.8,93.2,1
7.91,5,6.2,1,7.9,7.1,4,86.8,70.7,1
6.56,5,4.6,0,5.6,5.1,2,57.7,67.4,0
8.03,1,5.9,0,6.8,6.1,2,73.3,65.0,1
8.09,2,5.7,1,7.5,6.9,1,84.5,67.1,1
7.52,4,8.9,1,7.9,8.2,3,74.4,77.6,1
6.54,4,6.8,1,6.2,6.0,2,74.0,64.7,1
6.95,0,5.6,0,5.9,5.3,0,63.1,54.6,0
7.48,6,8.3,1,9.2,8.2,2,74.5,90.3,0
6.11,1,6.6,0,4.3,4.5,2,60.7,57.3,0
8.23,3,8.7,1,7.7,6.8,1,77.2,85.6,1
8.0,3,7.3,1,7.5,6.3,1,77.4,73.4,1
6.24,0,5.9,0,4.8,4.9,0,62.6,56.1,0
7.31,6,5.5,1,5.3,6.6,3,70.7,56.9,0
8.89,6,7.6,0,7.9,8.8,2,96.4,72.6,1
7.67,4,9.1,1,5.7,6.2,2,81.0,77.8,1
6.08,0,6.6,0,4.1,3.8,0,61.1,41.9,0
6.88,2,7.5,1,4.7,6.0,0,77.3,67.0,1
5.43,3,6.2,0,4.7,3.8,2,35.0,66.4,0
6.64,3,5.0,1,7.9,8.5,3,74.0,64.4,1
5.39,0,6.5,0,3.8,3.0,1,53.0,44.3,0
6.93,4,7.3,0,6.5,5.9,1,67.4,67.6,1
6.28,3,5.3,0,6.0,5.1,1,54.2,47.9,0
6.18,4,4.8,0,6.2,5.9,2,53.6,57.9,0
6.94,5,4.2,0,7.9,6.8,3,60.4,48.5,1
5.25,1,4.9,0,3.8,4.0,0,45.2,48.0,0
5.33,0,5.1,0,5.2,5.5,1,51.7,57.2,0
7.89,3,6.1,1,5.9,6.2,1,66.5,63.7,1
7.9,5,6.6,0,6.5,7.8,2,83.1,52.7,1
6.44,2,8.1,0,5.5,5.3,0,68.1,65.9,1
8.92,2,8.1,0,5.9,5.0,3,89.8,77.9,1
6.15,2,5.9,1,6.2,6.8,1,61.6,65.9,1
6.11,0,3.9,0,3.2,2.5,0,54.6,40.8,0
5.63,0,7.1,0,3.7,4.4,1,42.6,50.7,0
7.5,6,5.7,1,9.2,7.9,4,77.4,63.9,1
6.72,3,5.5,0,6.5,5.6,2,58.8,53.8,0
9.26,4,7.3,1,7.8,7.4,3,86.8,72.6,1
7.71,3,4.2,0,5.9,5.6,2,71.1,38.8,1
6.74,4,6.2,1,6.8,6.5,2,63.7,70.8,1
7.08,1,6.7,0,5.5,4.2,0,64.9,55.9,0
7.7,4,6.2,0,7.9,7.1,2,84.9,61.7,1
6.85,1,4.7,0,4.2,5.5,0,60.4,53.4,0
6.32,2,6.6,0,6.4,6.8,0,55.8,78.1,1
6.7,0,7.2,0,4.7,5.5,0,59.6,53.2,0
7.4,1,5.5,0,3.7,4.2,0,53.2,48.1,0
5.53,1,6.6,0,4.4,2.9,0,49.7,56.6,0
7.58,2,5.8,0,6.7,6.9,1,81.2,55.2,1
6.31,5,6.2,0,6.5,5.1,2,45.7,50.9,0
5.48,2,4.7,0,4.3,3.6,1,46.7,42.3,0
6.82,3,6.7,0,7.6,6.5,3,66.7,67.8,1
7.4,3,8.9,0,5.4,4.8,1,64.9,66.8,1
6.39,4,5.4,0,5.8,6.9,1,66.2,48.8,0
7.33,2,6.8,0,4.3,3.8,2,56.3,50.5,0
7.8,2,4.9,0,5.4,5.3,0,68.7,47.1,0
7.28,2,6.6,1,3.9,4.1,2,57.0,61.0,0
7.92,5,9.1,1,7.9,7.5,1,87.3,78.6,1
6.23,2,6.1,1,6.9,5.1,1,66.0,67.5,0
7.83,4,6.8,0,8.1,8.5,1,85.9,67.1,1
8.3,6,7.1,1,8.2,8.2,3,76.4,75.1,1
7.81,5,6.9,0,7.4,7.2,4,75.5,74.1,1
7.54,4,7.1,0,8.0,8.4,2,89.2,69.0,1
7.77,4,7.8,0,7.6,7.3,2,88.2,76.4,1
6.53,4,7.6,1,6.0,5.4,2,66.0,67.3,1
6.89,3,7.7,0,8.7,8.0,0,63.9,72.8,1
5.48,0,5.5,0,3.7,3.1,1,50.6,47.6,0
7.44,6,6.9,1,7.6,5.9,4,61.2,69.2,1
4.85,2,4.9,0,3.9,4.0,1,43.0,45.1,0
7.26,6,7.0,1,6.7,6.6,3,80.1,81.7,1
7.41,5,9.0,0,8.1,7.4,2,76.8,84.2,1
7.49,4,6.5,1,7.9,7.2,1,67.5,62.4,1
6.89,3,8.2,1,5.9,5.8,2,49.7,73.0,1
6.17,2,7.5,1,5.3,6.5,2,59.6,68.0,1
7.13,2,4.8,0,7.4,6.6,2,71.7,63.6,0
6.56,0,4.6,0,4.3,4.6,0,69.4,35.0,0
7.05,5,8.0,1,6.7,6.5,1,87.8,82.2,1
7.41,4,6.1,0,6.7,7.5,2,79.2,64.6,1
6.27,1,4.4,0,3.7,4.2,2,47.1,49.7,0
6.13,2,4.6,0,4.4,4.4,2,56.5,42.8,0
7.34,3,6.7,1,8.0,7.4,1,71.8,62.5,1
7.59,3,7.2,1,6.6,7.6,2,77.0,72.5,1
7.56,2,5.8,0,5.3,4.6,2,70.2,58.5,1
8.27,3,5.7,0,7.3,6.6,2,85.2,61.7,0
8.07,6,7.8,0,7.5,7.5,3,79.2,77.1,1
5.98,1,6.8,0,6.3,6.4,1,46.3,64.2,0
6.15,2,7.6,0,7.0,7.0,0,58.8,65.2,0
5.48,0,6.3,0,4.0,3.5,0,60.3,42.7,0
8.49,3,6.0,0,8.6,7.9,3,74.7,73.8,1
6.13,2,5.2,1,6.4,6.8,0,62.9,58.8,0
7.33,1,5.2,1,4.8,5.6,0,63.7,52.1,0
7.02,1,5.5,0,4.7,5.1,0,66.3,45.1,0
6.5,0,6.8,0,5.7,4.7,1,53.3,58.4,0
7.23,3,5.6,0,7.0,6.2,2,71.4,64.5,1
7.08,5,7.3,1,7.6,8.1,2,72.5,74.6,1
6.24,2,4.9,0,6.0,5.2,1,47.8,50.9,0
6.33,2,5.5,0,6.2,4.6,0,76.5,63.0,0
7.2,3,5.8,1,7.7,8.4,2,79.5,57.9,1
6.38,4,5.4,0,5.2,6.1,3,56.2,63.0,0
7.84,3,6.9,0,6.6,6.2,3,78.1,66.6,1
6.47,3,6.3,0,7.9,6.7,3,78.4,75.5,1
7.02,3,7.4,0,7.4,6.6,3,64.2,62.2,1
7.31,1,6.4,0,5.4,4.7,0,64.2,62.7,0
6.83,3,7.4,0,6.2,6.9,2,67.1,64.3,1
8.12,5,6.9,0,9.3,9.3,4,89.0,76.3,1
9.43,2,7.5,0,6.4,6.0,2,100.0,71.9,1
6.89,2,6.3,1,6.0,5.1,3,74.2,59.3,1
5.15,3,4.9,0,5.4,3.9,1,48.4,48.6,0
6.86,3,6.6,0,5.4,4.8,2,59.9,68.1,1
6.52,3,5.0,0,5.6,4.5,1,59.9,53.1,0
7.69,4,6.4,1,6.6,6.8,3,74.5,63.4,1
5.13,1,5.2,0,3.5,4.3,0,41.5,38.5,0
4.66,0,4.3,0,2.5,2.5,2,35.0,35.0,0
6.12,4,8.0,0,6.1,5.7,3,62.2,64.0,1
5.62,2,6.0,0,5.1,5.2,0,48.4,61.7,0
6.22,2,6.9,0,6.4,6.2,1,65.2,75.5,1
8.05,1,7.8,1,4.8,5.1,2,70.5,70.2,1
5.07,4,6.1,0,5.9,5.4,3,48.2,76.7,0
6.08,2,7.0,0,6.8,6.1,3,59.2,67.6,0
5.18,1,5.1,0,5.6,5.4,1,52.2,51.8,0
7.76,2,7.2,1,4.7,5.0,0,77.0,65.0,1
7.99,4,7.4,0,6.6,6.1,4,74.7,76.8,1
7.38,2,6.6,1,6.6,6.1,1,68.2,51.3,1
6.73,1,5.6,1,3.3,3.8,0,57.7,57.0,0
8.64,4,7.9,1,7.9,6.3,2,91.5,83.8,1
8.14,2,6.1,0,6.9,5.5,0,84.1,60.9,1
7.46,4,4.4,1,7.1,6.0,3,74.7,52.1,1
6.22,2,7.8,1,6.7,6.7,2,62.8,68.8,1
8.1,6,7.5,1,8.3,8.3,4,77.7,81.8,1
7.5,2,4.9,0,5.8,5.1,0,81.7,53.4,1
6.93,2,7.2,0,6.0,6.1,0,74.3,69.1,1
7.05,3,8.1,0,6.1,6.3,1,65.8,66.0,1
6.27,3,6.8,1,6.6,4.4,0,61.2,70.2,1
6.64,3,6.3,0,7.1,5.5,2,78.2,60.6,1
8.64,3,5.3,1,7.7,7.4,2,90.3,67.7,1
8.34,2,5.9,0,6.9,5.8,2,95.1,59.1,1
7.45,1,7.0,0,6.3,5.3,0,75.2,61.1,1
5.62,4,6.9,1,7.5,6.7,3,46.9,59.4,1
5.66,2,4.7,0,4.6,4.1,2,45.5,45.4,0
6.09,0,7.3,0,5.2,5.6,2,55.2,60.5,0
6.79,2,6.6,0,8.3,7.9,1,70.7,67.9,0
8.12,3,5.2,0,6.4,6.6,0,82.8,58.9,1
7.33,2,6.6,1,7.5,7.5,1,81.9,80.4,1
8.49,5,5.6,1,7.6,7.6,3,75.6,60.4,1
8.64,6,8.8,1,9.5,9.0,3,100.0,77.3,1
7.84,4,8.9,0,8.2,7.8,3,82.2,79.0,1
7.27,5,6.5,0,8.0,8.0,4,74.6,68.2,1
6.52,4,5.3,0,7.5,7.1,3,57.1,54.4,1
7.76,4,6.9,1,6.5,5.9,1,78.8,72.8,1
5.54,0,5.2,0,2.7,3.6,1,40.1,35.0,0
5.87,3,5.8,0,5.0,3.8,2,57.1,58.4,0
5.28,1,5.3,0,4.6,4.9,0,50.7,50.2,0
5.7,1,5.7,1,4.6,4.6,1,52.6,43.3,0
7.91,5,5.9,0,6.7,7.0,2,71.9,65.7,1
6.11,5,7.8,1,7.3,5.7,3,52.9,66.1,1
7.35,3,5.3,1,6.6,7.4,4,84.4,62.6,1
6.08,0,5.2,0,4.3,4.9,0,41.5,44.1,0
6.03,3,6.6,1,6.7,6.5,2,51.3,76.9,1
7.08,3,7.1,1,7.6,8.3,1,71.3,71.6,1
9.33,6,8.1,1,6.2,6.3,4,100.0,78.4,0
5.71,3,7.2,0,6.7,4.9,2,60.9,60.1,0
6.59,2,6.4,1,6.4,6.6,2,64.6,61.4,1
6.1,0,5.9,0,4.6,4.8,0,49.6,48.1,0
6.5,3,7.0,0,5.7,5.2,2,59.5,72.7,1
7.12,4,7.7,0,5.5,6.5,3,57.6,66.0,1
8.86,5,8.9,0,8.2,8.0,2,81.9,94.1,1
7.97,8,7.7,1,8.8,8.2,4,96.4,86.5,1
6.73,1,8.3,0,5.4,4.5,0,59.8,64.2,0
7.4,1,5.3,0,3.7,4.6,1,77.5,49.6,0
7.62,5,7.3,1,8.8,7.8,3,80.5,84.9,0
6.97,1,6.9,0,5.5,5.8,1,60.6,51.7,1
7.36,3,4.8,0,6.8,6.6,2,75.6,44.4,1
7.8,5,8.5,1,8.9,6.5,4,82.6,95.0,1
6.74,2,6.9,0,5.6,5.6,2,64.0,69.5,1
6.41,3,4.1,0,5.6,5.2,2,61.3,61.3,0
7.52,3,8.0,1,7.7,7.6,1,66.6,73.1,1
6.92,1,6.0,1,4.1,4.1,0,69.4,57.2,0
8.08,4,7.0,1,6.4,7.0,2,79.5,67.2,1
6.85,3,6.5,0,6.4,5.8,1,70.1,57.0,1
7.06,4,7.7,1,8.2,8.0,2,79.6,64.0,1
6.69,6,7.9,0,7.5,8.0,3,78.7,83.2,1
7.19,3,5.4,1,6.8,6.7,1,60.5,54.2,1
6.23,1,7.6,0,3.6,3.6,2,67.6,68.7,0
8.34,3,6.6,1,7.0,6.4,1,76.6,68.3,1
7.91,3,6.0,0,7.2,6.4,3,79.4,68.2,1
6.38,2,6.7,0,4.5,5.6,1,62.7,65.2,0
6.17,3,8.0,0,5.3,4.7,1,48.6,63.2,0
6.24,2,5.9,0,5.9,5.5,1,59.5,50.6,0
5.98,0,6.8,0,4.5,3.5,0,43.1,52.7,0
9.31,6,8.9,1,8.3,9.9,4,94.8,90.6,1
7.65,0,7.5,1,4.3,4.0,1,69.4,72.2,1
8.09,3,5.4,0,5.7,5.6,2,72.6,61.6,1
8.02,3,6.3,1,7.9,5.7,2,88.1,72.2,1
7.31,4,7.3,0,7.0,6.6,3,74.3,85.2,1
7.99,5,8.0,0,5.5,4.8,2,76.9,84.4,1
7.16,5,6.4,1,7.1,8.5,4,64.2,66.3,1
8.87,4,6.7,1,5.6,6.1,3,86.2,77.1,1
6.4,0,4.9,0,3.2,2.5,0,50.2,48.7,0
6.13,2,4.8,0,6.4,5.6,1,64.7,61.2,0
6.24,5,5.4,1,6.9,7.9,4,58.2,59.8,1
6.02,4,5.3,0,5.4,5.8,3,64.7,58.0,0
7.58,2,5.7,0,4.8,4.5,1,83.9,55.7,1
6.79,1,5.0,0,4.0,4.0,1,56.0,53.2,0
8.27,4,8.7,0,9.1,8.3,2,96.0,80.9,1
7.99,2,6.0,1,6.6,6.0,1,90.0,67.4,1
8.37,2,5.9,0,6.2,5.9,2,78.9,67.2,0
6.89,5,5.4,0,8.0,7.6,3,64.7,59.8,1
5.71,4,6.5,1,4.9,4.7,1,45.1,58.9,0
6.54,3,5.9,0,4.2,4.9,2,58.4,57.1,0
7.35,1,7.1,0,6.8,6.1,2,72.6,55.9,1
7.27,1,6.4,0,6.4,4.9,1,72.6,64.3,1
7.44,3,7.1,1,5.9,6.7,1,77.0,64.4,1
5.59,3,4.4,0,6.0,4.4,1,52.1,50.4,0
6.05,3,5.3,1,5.3,5.2,3,58.9,57.6,0
7.59,4,5.1,0,7.4,7.0,2,68.7,60.0,1
6.94,4,6.1,0,5.9,6.0,2,71.1,60.3,1
6.68,5,6.7,0,7.5,7.5,3,64.9,68.3,1
7.45,4,7.0,1,7.0,6.4,2,76.6,63.9,1
7.9,5,7.5,1,8.6,9.8,3,83.0,71.7,1
5.86,3,7.7,0,6.0,5.7,2,52.1,78.3,1
5.91,3,5.7,0,7.5,6.1,1,51.8,65.4,0
7.59,3,7.2,0,8.1,5.4,2,86.9,72.8,1
6.73,5,6.7,1,6.7,6.8,3,72.8,68.6,1
8.58,5,6.1,0,7.5,7.3,4,94.6,64.2,1
6.71,4,4.8,0,5.2,5.4,1,70.4,56.2,0
6.7,6,5.2,0,8.1,8.0,2,72.3,55.7,1
7.7,4,5.4,0,6.2,5.9,4,71.7,56.0,1
7.93,2,6.7,0,5.2,5.9,2,89.3,63.1,0
7.21,3,6.4,1,7.2,6.8,2,67.7,68.3,1
8.23,4,7.3,0,7.3,7.4,3,87.5,73.5,1
6.69,4,6.4,0,5.4,7.0,4,66.3,56.0,1
7.19,0,5.4,0,5.1,5.6,1,55.9,36.3,0
6.8,3,5.1,0,6.7,6.0,1,68.4,54.7,1
5.9,1,5.1,0,4.4,4.0,0,43.8,57.0,0
8.22,3,6.9,0,6.7,6.7,2,84.6,71.2,1
7.43,5,8.7,1,7.5,6.6,3,70.6,88.6,1
5.72,0,5.5,0,4.3,5.2,0,55.0,45.9,0
8.77,7,5.5,1,9.3,7.7,3,84.9,79.7,1
6.88,0,3.7,0,4.0,3.6,0,48.8,38.2,0
7.37,5,7.6,1,7.1,7.0,4,83.5,76.0,1
8.37,5,8.5,1,8.0,7.3,3,82.3,87.0,1
6.78,2,6.0,1,6.5,6.2,1,68.8,59.5,1
7.21,5,8.5,1,7.1,6.6,2,68.1,78.1,1
5.92,3,5.9,0,5.8,5.5,3,58.5,55.5,0
7.32,3,7.9,1,7.3,7.9,2,92.7,75.2,0
7.6,4,6.3,0,7.1,7.1,1,79.1,65.6,1
7.05,5,8.9,1,7.6,7.3,3,80.3,81.1,1
6.1,3,5.7,1,7.2,6.9,2,61.1,63.8,0
8.57,1,7.9,0,6.3,6.2,0,94.5,74.4,1
6.4,1,6.4,0,3.0,2.8,1,45.3,48.7,0
6.48,4,5.6,0,6.6,7.1,3,59.1,64.3,1
6.44,1,5.3,0,4.8,4.3,0,72.4,50.8,0
7.53,2,7.6,0,5.3,6.2,1,71.5,62.2,1
8.17,4,7.2,1,7.9,8.6,3,86.8,96.0,1
6.18,1,7.0,0,4.1,3.0,1,56.4,59.3,0
7.74,5,8.3,0,9.0,9.5,3,90.6,86.7,1
6.89,2,6.7,1,7.2,7.0,0,66.7,54.9,1
8.01,1,8.4,1,8.0,7.5,2,72.0,64.8,1
9.23,7,7.3,0,9.4,9.4,4,100.0,67.7,1
7.06,3,5.6,0,5.5,6.2,2,59.7,66.3,1
7.01,1,5.8,1,3.6,3.6,0,60.0,44.5,0
5.51,0,6.9,0,4.9,5.3,2,40.4,64.8,0
8.05,3,7.1,0,8.0,7.2,2,87.2,80.5,1
7.36,2,4.6,0,5.8,5.6,3,69.8,47.2,1
7.83,2,6.7,0,5.7,5.2,2,73.6,67.5,1
6.97,4,5.3,0,6.4,6.4,3,70.4,72.0,1
8.14,4,8.8,1,6.2,6.8,2,83.8,73.1,1
6.89,2,6.5,1,7.7,6.5,2,72.5,73.5,0
7.73,4,5.4,0,8.2,7.9,3,77.1,69.2,0
6.54,3,6.1,0,5.8,5.7,2,69.0,62.7,1
5.64,4,7.0,0,5.8,4.5,3,54.0,57.0,1
6.79,1,4.8,0,5.8,6.5,1,53.1,61.7,0
7.93,6,6.5,0,7.9,6.7,4,74.4,73.5,1
6.75,2,6.7,0,5.3,5.4,3,77.0,56.8,0
7.14,3,7.7,0,7.9,7.6,3,70.2,71.4,1
8.08,2,8.5,0,7.1,8.1,0,83.2,75.6,1
8.26,6,5.3,1,8.4,7.8,3,89.4,71.4,1
7.45,2,6.8,0,5.7,5.5,1,69.8,55.4,1
8.21,4,5.4,1,7.6,7.6,2,81.9,61.2,1
7.55,4,6.0,0,7.4,6.7,3,77.0,61.8,1
5.92,1,8.9,1,6.0,5.8,2,61.3,78.2,0
7.34,1,6.4,0,6.0,6.5,0,53.9,54.5,1
7.9,7,7.8,1,9.0,8.4,4,81.5,81.4,1
6.74,0,5.6,0,4.6,4.2,0,50.7,59.7,0
7.11,4,6.9,1,7.6,7.4,2,82.2,60.4,1
6.2,3,6.6,0,7.3,6.0,0,58.6,60.2,1
6.76,2,6.1,0,6.4,5.5,1,60.5,62.6,1
7.3,2,6.9,0,6.6,6.7,1,81.7,72.7,1
7.57,5,5.1,0,7.2,6.9,3,83.4,53.9,1
6.18,3,6.3,0,4.9,5.9,2,56.7,48.8,0
6.66,4,7.7,0,8.0,9.1,2,71.5,75.4,1
6.22,2,5.0,0,4.2,4.0,2,44.3,43.2,0
6.26,5,4.6,0,7.1,7.3,3,59.1,69.6,1
7.23,1,6.8,0,6.5,5.8,0,82.6,61.2,1
7.95,3,8.5,1,7.5,7.4,1,81.6,73.1,1
7.32,4,5.9,1,6.0,4.8,2,70.5,65.1,1
6.04,2,6.5,0,4.3,3.2,2,50.8,65.2,0
7.58,2,7.4,0,7.0,7.4,2,84.9,55.6,1
9.07,8,9.5,0,8.6,8.7,4,100.0,96.0,1
6.8,2,8.6,1,6.6,5.2,4,54.7,76.3,1
7.81,5,7.6,0,7.6,7.5,2,83.1,73.9,1
5.99,0,6.2,0,4.6,5.3,1,59.1,52.7,0
4.5,0,3.8,0,4.3,3.2,0,35.0,35.0,0
6.48,3,6.3,1,7.0,6.3,2,61.5,59.4,1
7.52,6,7.4,1,6.6,7.2,3,71.8,78.6,1
6.94,5,6.8,1,7.3,7.5,3,67.7,61.7,1
7.13,1,6.7,0,6.0,4.2,1,64.7,63.2,0
8.64,6,7.9,1,8.6,8.7,3,90.7,78.8,1
6.97,4,7.2,0,6.4,6.4,2,72.1,73.2,1
8.07,4,9.3,1,7.5,8.7,1,86.3,77.7,1
5.71,1,4.1,0,4.2,3.9,2,49.5,39.7,0
5.87,2,5.8,0,5.4,4.7,1,47.9,51.7,0
5.64,1,5.1,0,5.4,4.8,0,46.9,50.2,0
5.21,1,5.3,0,6.2,6.3,2,46.3,47.6,0
7.35,3,5.3,0,7.5,6.4,1,61.3,69.0,1
6.7,1,4.9,1,5.3,5.0,0,60.7,47.0,0
5.59,2,6.1,0,5.0,5.3,3,57.5,48.3,0
6.45,4,6.8,1,8.5,8.4,3,59.2,76.4,1
6.79,4,5.0,0,6.6,7.0,2,77.2,59.9,1
6.19,0,5.3,1,3.9,3.7,0,43.7,65.0,0
6.24,1,8.2,0,5.2,5.2,3,45.2,71.2,0
5.82,1,7.0,0,5.6,6.1,0,68.4,66.2,0
7.7,5,6.9,1,7.2,6.1,1,72.6,59.7,1
5.92,0,5.0,0,4.5,5.3,0,52.0,41.6,0
6.58,2,5.9,0,4.5,4.6,3,58.1,58.5,0
7.54,1,7.2,0,5.4,5.6,0,61.7,47.1,1
6.29,2,7.4,0,6.6,6.1,0,60.1,57.3,0
6.62,3,6.7,0,5.7,5.5,0,60.1,57.7,0
5.48,3,7.3,1,5.3,4.2,2,54.5,73.1,0
7.98,5,6.2,0,5.8,7.3,2,76.3,56.2,1
6.99,1,7.4,0,7.3,6.0,2,78.0,63.6,0
7.11,1,5.6,0,5.2,4.9,0,75.3,63.0,0
6.15,0,7.5,0,5.0,4.7,1,58.2,64.1,0
6.98,0,7.1,0,3.2,2.5,0,52.5,47.8,0
7.29,3,6.1,0,8.8,8.5,1,73.2,80.8,1
6.33,4,5.8,0,6.7,5.5,1,59.2,50.1,1
6.64,2,6.7,0,5.7,7.2,0,65.3,64.4,1
6.71,3,8.4,0,6.8,6.2,1,70.2,81.6,1
8.86,5,5.1,1,7.8,8.3,3,99.3,65.9,1
8.12,1,4.6,0,6.9,7.4,1,87.6,54.6,1
7.5,4,6.6,1,8.5,8.7,3,83.7,69.0,1
8.28,3,5.8,1,5.9,5.7,2,82.2,60.6,1
7.68,4,7.7,0,7.5,7.0,2,70.4,77.0,0
6.46,0,6.5,0,4.4,5.5,1,60.5,57.8,0
7.98,3,6.4,0,6.4,5.3,3,72.0,59.2,1
7.38,4,5.7,0,6.4,6.0,1,75.0,70.4,1
8.05,5,6.3,1,8.8,8.1,2,79.5,78.2,1
8.11,5,8.9,1,7.7,7.2,3,91.5,82.1,1
6.96,0,4.6,0,5.6,6.2,0,65.7,50.5,0
8.01,5,9.0,0,8.6,8.3,3,86.9,81.8,1
6.23,0,6.8,0,4.1,4.3,0,53.4,47.1,0
6.68,2,7.0,1,7.9,7.7,1,59.7,68.4,1
6.6,2,5.9,0,7.2,7.2,2,59.4,67.9,1
5.77,1,7.9,0,5.7,6.0,1,51.5,75.3,0
7.17,4,6.9,0,7.4,7.5,1,82.1,64.0,1
7.66,4,8.1,0,8.0,6.9,2,78.0,80.8,1
7.41,5,6.4,1,9.0,8.6,4,74.2,78.7,1
5.68,3,6.4,0,5.1,5.3,1,52.7,58.1,0
5.79,4,6.2,0,6.5,7.2,3,56.1,68.2,1
7.02,2,6.1,0,5.2,4.6,2,63.5,59.6,0
7.51,2,6.2,0,5.5,5.1,1,74.5,43.5,1
7.45,5,6.8,0,8.3,8.4,1,69.6,75.5,1
6.39,0,5.0,0,4.1,4.4,1,41.1,64.3,0
7.14,4,6.4,0,7.0,5.8,1,66.5,62.3,0
4.81,0,5.0,0,2.7,2.5,0,40.1,35.0,0
7.97,5,7.0,1,7.2,7.8,4,82.2,63.6,1
7.23,3,7.2,0,6.5,6.3,2,62.8,57.5,1
6.03,0,7.5,0,4.4,4.5,2,44.5,67.4,0
7.15,3,5.7,1,6.2,6.0,1,68.9,69.7,1
6.98,3,7.3,0,5.1,5.5,2,48.8,64.4,1
7.34,1,7.1,0,5.7,5.5,0,69.8,65.7,1
7.27,3,8.1,0,6.3,6.0,4,66.2,68.7,1
7.99,2,8.0,0,5.4,4.9,1,71.9,66.6,1
6.55,3,4.1,1,6.2,6.6,1,52.9,50.0,0
4.81,1,4.2,0,4.3,3.7,0,35.0,45.3,0
5.59,3,6.7,0,5.3,5.9,2,47.0,60.7,0
5.54,1,5.5,0,5.8,4.3,0,44.3,60.3,0
8.22,5,6.7,0,7.1,6.5,4,63.8,66.7,1
6.18,3,5.5,0,6.6,6.2,1,48.9,44.4,0
6.95,4,5.0,1,7.1,7.1,2,72.1,54.0,1
5.36,0,8.3,0,3.2,2.9,0,40.9,57.3,0
5.37,2,6.1,0,5.0,4.5,2,53.8,48.7,0
8.85,7,7.0,1,8.7,8.4,5,97.7,88.7,1
6.1,3,5.7,0,6.4,5.0,1,79.5,54.4,0
7.03,2,6.6,0,5.5,4.4,2,65.6,69.6,1
7.84,4,7.4,0,7.5,7.9,1,72.1,74.6,1
7.18,3,6.6,0,6.0,5.2,2,60.3,63.3,1
9.74,5,6.2,1,7.9,8.8,2,100.0,68.1,1
8.03,4,6.8,0,7.4,7.2,3,76.6,59.0,1
8.31,3,6.0,0,6.1,6.8,2,84.0,68.7,1
7.19,3,5.9,1,6.3,7.1,2,71.7,61.1,1
7.74,1,6.4,0,6.1,6.5,3,67.1,61.0,1
7.12,2,5.6,1,4.8,4.7,2,70.2,52.0,0
5.94,0,6.0,1,3.1,3.6,1,48.8,52.0,0
6.16,3,8.7,0,5.9,5.6,2,57.9,69.3,1
8.41,6,7.7,1,7.9,7.7,4,84.1,77.1,1
5.5,1,5.1,0,3.6,3.3,0,41.0,47.7,0
6.7,5,7.4,0,6.2,6.0,4,72.3,67.9,1
7.71,5,7.1,0,5.4,7.1,4,68.6,56.9,1
6.32,1,6.6,0,5.2,5.3,1,52.9,49.8,0
7.09,2,6.7,0,6.4,8.1,1,75.4,79.3,1
8.58,2,7.6,0,6.1,6.3,2,89.6,73.5,1
7.02,3,4.8,1,6.6,6.0,2,72.0,57.7,1
6.53,2,6.7,0,5.1,4.7,1,65.9,62.6,0
7.01,3,6.9,1,6.2,5.3,1,71.0,63.0,1
7.69,5,6.1,1,6.4,5.6,3,72.0,68.3,1
7.6,3,7.8,0,4.9,4.8,1,70.4,70.9,1
6.79,1,6.1,0,5.0,4.8,0,74.9,52.0,0
7.22,5,6.6,1,8.2,8.4,2,66.1,80.9,1
5.07,1,4.1,0,4.2,3.2,1,47.0,46.8,0
6.64,3,5.8,0,6.3,6.3,3,70.2,58.0,1
7.58,3,7.8,0,6.8,5.6,1,64.9,75.0,1
7.16,2,7.0,0,6.0,6.5,1,68.8,63.3,1
7.92,2,8.0,0,7.7,7.3,1,79.8,63.1,1
7.64,3,9.1,1,7.6,6.4,2,70.6,79.2,1
8.6,2,4.9,0,5.8,4.6,1,85.1,44.4,1
7.54,6,8.0,1,7.7,8.1,2,84.7,95.8,0
7.01,4,7.9,1,6.9,5.8,3,69.4,83.4,1
7.78,5,8.6,0,7.8,7.0,2,94.6,88.2,1
5.62,3,7.0,0,5.3,5.3,2,50.8,62.3,0
6.2,3,6.1,0,7.0,5.6,2,63.9,65.1,1
6.51,2,7.4,0,5.4,5.1,1,62.4,65.0,0
7.18,4,7.4,0,7.9,6.7,3,72.5,74.0,1
7.48,4,5.3,0,6.1,6.6,3,61.6,58.0,1
6.5,3,6.0,0,6.1,5.8,1,64.9,48.8,0
7.13,3,7.1,0,8.1,7.3,3,70.4,81.0,0
5.25,1,5.1,0,4.8,4.2,1,42.5,53.1,0
6.48,2,7.3,1,5.6,3.8,2,58.0,59.0,0
8.65,2,6.9,0,7.0,6.7,1,84.2,63.5,1
8.86,6,9.2,1,9.7,9.8,3,98.2,82.0,0
7.02,4,6.2,1,5.5,5.0,3,71.0,70.0,1
7.73,3,6.8,0,6.7,8.0,3,80.4,69.6,1
7.16,2,7.9,0,5.1,5.7,1,61.8,78.3,1
5.82,1,5.9,0,5.5,5.4,0,64.0,54.8,0
6.28,4,7.0,0,6.6,7.2,2,58.1,66.6,1
6.3,1,6.4,0,3.4,2.8,0,43.8,51.8,0
7.45,3,6.2,1,8.7,8.7,0,78.9,62.3,1
8.29,3,4.8,1,5.1,5.1,1,71.1,61.0,1
7.63,2,6.1,1,5.3,5.5,1,64.1,54.5,1
8.16,4,5.0,1,8.4,7.7,3,92.3,57.4,1
5.84,3,6.5,0,5.4,4.8,2,55.8,49.9,0
6.8,5,8.7,1,7.9,7.4,3,67.5,78.2,1
8.17,5,5.9,1,7.3,7.8,4,94.1,72.9,1
6.03,1,5.5,0,7.2,6.0,2,55.8,56.9,0
6.93,1,6.4,0,6.6,5.4,1,60.1,66.2,1
7.88,3,8.5,0,8.3,8.0,2,72.2,71.3,1
7.54,4,6.3,0,5.7,6.0,1,83.1,65.4,1
7.57,2,5.1,0,6.0,6.1,1,73.5,57.0,1
7.28,5,7.7,1,7.6,8.6,3,73.7,69.0,1
5.74,2,7.6,1,4.3,3.8,1,55.5,78.9,0
8.45,3,6.5,1,8.1,7.8,1,91.4,57.2,1
5.94,4,7.7,1,6.5,7.1,2,53.0,66.2,1
9.32,5,7.7,1,8.7,8.3,3,96.1,84.3,1
7.0,3,6.5,1,6.1,6.7,2,78.4,71.2,1
8.28,2,4.9,1,6.7,6.2,0,81.6,61.1,1
7.76,1,6.2,0,5.6,4.4,1,79.0,65.2,1
5.46,4,5.5,1,5.7,6.4,1,48.8,46.8,0
6.16,1,5.9,0,5.3,5.1,2,54.1,51.6,0
7.96,5,6.7,1,7.6,8.0,1,88.6,72.5,1
9.24,6,8.9,1,9.8,8.2,4,91.4,94.2,1
6.28,2,7.0,0,4.9,3.9,1,54.6,58.2,0
8.9,4,6.1,0,6.5,6.3,3,79.2,57.5,1
5.9,3,5.1,0,7.1,6.6,1,58.2,52.2,0
6.47,4,8.0,0,6.6,7.9,2,71.8,71.1,1
6.07,1,6.7,0,3.6,4.2,1,50.6,44.4,0
5.43,2,5.3,0,6.1,5.3,1,56.0,52.6,0
6.22,3,6.0,1,7.9,7.5,1,58.6,64.8,1
6.43,0,3.4,0,3.3,4.4,1,45.0,35.0,0
8.59,4,7.6,1,7.6,7.2,3,89.1,69.8,1
7.07,6,5.8,1,9.0,7.5,3,68.3,70.8,1
7.52,2,7.5,0,5.5,6.0,2,67.7,72.9,1
7.44,5,4.7,0,8.0,7.9,2,74.6,65.4,1
7.93,3,7.1,0,7.8,6.3,1,83.5,69.8,1
6.84,6,7.6,1,6.8,8.6,3,71.8,77.4,1
8.04,5,7.4,0,6.7,6.5,3,85.3,85.0,0
8.8,5,5.7,1,9.0,9.3,2,100.0,78.3,1
6.87,0,4.0,0,6.0,5.2,0,56.6,45.3,0
7.81,2,5.5,0,7.3,5.9,2,78.5,45.7,1
6.09,0,6.9,0,3.9,3.1,1,57.6,36.0,0
6.03,2,6.8,0,5.6,6.5,1,54.4,58.8,0
7.05,5,7.7,0,7.6,7.1,1,75.2,72.0,1
8.43,3,9.4,1,6.4,6.7,1,81.1,82.9,1
6.41,0,5.7,0,3.0,3.5,0,49.1,45.8,0
7.26,5,5.9,1,7.3,7.9,2,79.2,66.3,1
6.67,5,7.5,1,6.8,7.9,1,70.1,73.7,1
5.93,1,7.6,0,4.5,4.0,1,45.0,49.5,0
7.19,2,5.4,0,7.3,7.7,1,73.0,57.6,1
7.78,6,6.3,1,8.0,8.0,4,82.3,68.9,1
7.28,4,7.6,1,6.8,7.9,2,76.7,68.1,1
6.64,4,5.9,1,6.3,6.6,4,65.3,63.9,1
6.67,3,4.7,0,4.8,6.1,4,57.6,55.5,0
7.62,2,7.2,1,6.8,7.2,0,73.0,66.8,1
7.09,1,4.2,0,5.5,4.7,2,63.8,35.3,0
8.76,8,8.3,1,9.7,10.0,4,98.3,89.8,1
6.78,1,6.6,0,5.4,6.4,2,56.7,70.5,0
6.43,3,5.4,0,4.9,5.0,1,56.8,53.4,0
6.36,1,5.3,0,5.0,5.0,2,59.0,50.8,0
7.17,4,5.6,0,7.1,7.3,1,65.6,56.3,1
7.75,7,5.8,1,8.3,7.4,3,81.4,80.4,1
6.02,2,4.6,0,6.4,5.9,1,54.4,42.5,0
6.41,0,6.1,0,5.6,5.2,1,67.3,43.8,0
6.97,3,4.9,0,6.2,4.7,2,69.2,39.7,0
5.13,0,5.9,0,3.0,5.2,2,52.6,44.4,0
8.14,3,4.0,0,6.7,6.8,4,83.4,52.5,1
5.86,1,8.0,0,5.4,5.1,1,61.4,70.8,0
5.86,4,7.0,0,4.5,4.8,1,46.3,67.7,0
6.0,4,8.7,0,7.5,5.6,3,60.7,72.9,1
7.19,1,6.2,0,6.6,6.4,2,65.5,69.8,1
6.28,2,8.0,1,6.0,6.1,1,59.7,69.4,1
6.86,2,5.5,1,5.7,5.1,1,69.4,42.3,1
9.32,3,6.7,0,6.7,6.7,3,94.7,69.5,1
7.44,4,6.6,0,6.8,7.7,2,66.9,62.2,1
8.38,3,7.9,1,9.2,8.1,2,84.2,85.8,1
6.35,3,7.9,0,6.2,5.7,2,66.2,71.9,1
8.76,7,7.8,0,9.5,9.7,5,96.6,95.3,1
8.01,3,7.1,0,6.5,6.5,2,81.2,59.8,1
8.43,3,9.2,1,8.2,7.4,1,84.7,88.3,1
5.71,3,4.2,0,3.2,2.8,2,56.3,42.2,0
6.74,1,4.9,0,5.2,6.6,1,58.8,52.3,0
6.19,1,8.2,1,5.8,5.1,2,56.9,71.7,0
6.47,0,4.8,0,4.6,2.8,1,61.6,50.2,0
6.67,4,7.4,0,6.5,6.4,1,61.7,63.6,1
5.81,3,7.2,0,6.9,6.2,2,50.3,68.1,1
6.58,3,6.4,0,6.3,5.7,1,65.3,59.4,1
8.05,1,5.2,0,4.5,5.5,1,65.3,62.9,1
6.57,2,5.2,0,5.2,4.4,1,61.5,46.4,0
7.69,4,7.3,1,6.1,5.9,3,74.5,71.1,1
8.41,4,4.2,0,7.5,7.3,3,87.0,49.2,1
8.71,3,6.6,1,8.4,7.8,2,97.6,81.6,1
7.69,2,5.7,0,4.4,4.4,1,67.0,52.0,0
5.75,2,5.7,0,5.8,6.4,1,53.5,64.3,0
6.92,2,7.0,0,6.9,7.2,3,77.4,55.6,0
7.57,4,6.3,0,6.6,6.4,2,73.9,67.7,1
7.86,3,7.1,0,5.7,5.4,2,81.3,63.9,0
7.59,2,6.4,0,5.2,5.4,2,76.1,57.2,1
6.13,1,6.6,1,4.7,4.9,1,47.4,57.7,0
8.01,3,6.6,0,5.4,6.6,2,82.5,59.8,1
6.05,3,6.8,0,5.4,5.3,2,49.7,68.2,0
8.51,3,5.8,1,5.9,5.4,0,84.2,67.2,1
7.06,1,5.0,0,4.0,5.2,2,66.4,39.0,0
7.9,4,7.6,1,6.9,8.0,2,87.7,81.6,1
7.25,3,8.6,1,6.2,7.1,3,81.1,78.8,1
8.49,5,6.3,1,7.4,7.5,3,88.9,64.9,0
6.81,4,5.4,0,5.9,5.1,2,56.0,66.4,1
8.02,4,8.2,0,3.9,3.6,1,78.5,69.2,1
6.49,5,6.8,1,8.1,8.6,2,69.4,71.7,1
5.78,2,5.4,0,5.9,4.7,2,38.9,44.4,0
6.07,2,6.2,0,5.4,5.0,1,46.9,51.6,0
9.33,4,6.4,0,6.7,5.7,2,98.3,68.8,1
7.24,1,5.0,0,6.0,6.6,3,67.0,55.4,1
6.2,1,7.0,0,5.4,5.5,2,60.0,68.5,0
6.72,2,5.7,0,6.0,6.4,2,62.7,59.9,1
7.45,2,7.3,1,7.3,6.4,3,73.2,72.7,1
7.24,3,7.9,0,6.9,6.1,2,64.4,66.6,1
6.33,4,7.5,0,6.6,8.2,2,62.1,74.6,1
7.4,3,8.5,0,6.8,6.8,3,73.3,72.3,1
7.97,3,6.2,0,6.3,4.3,1,70.4,58.1,1
7.38,5,6.1,1,9.6,8.7,3,80.4,78.4,1
8.68,6,6.4,0,8.8,7.3,3,100.0,73.0,1
6.24,3,5.0,0,5.7,5.4,1,56.7,40.5,0
6.66,3,6.4,1,6.1,5.2,1,62.2,68.7,1
5.99,0,6.3,0,4.5,4.1,1,53.4,49.8,0
7.69,3,5.3,1,6.3,5.6,0,71.0,57.0,1
7.55,1,3.7,1,5.4,5.2,1,75.7,45.1,0
7.15,4,7.6,1,6.6,6.9,3,71.2,64.1,1
6.99,1,5.8,0,5.3,4.8,2,57.4,66.3,0
6.99,4,6.5,1,6.4,5.9,3,61.5,69.6,1
6.66,0,3.7,0,4.1,4.1,1,51.9,35.0,0
6.46,6,7.7,1,7.6,7.2,2,62.1,68.9,1
6.93,4,8.0,1,6.8,6.4,2,61.6,67.8,1
7.19,4,9.1,1,6.7,5.8,1,65.7,87.4,1
6.65,2,5.1,0,6.0,5.5,1,67.0,50.3,0
5.67,1,4.6,0,5.3,6.1,0,59.9,48.2,0
6.3,3,7.2,0,4.1,4.0,2,43.6,70.3,1
7.95,3,6.6,0,5.8,5.1,1,87.0,54.6,0
8.46,3,5.6,1,7.0,6.7,1,86.4,58.0,1
8.27,7,7.9,0,8.8,8.6,4,89.4,80.9,1
7.25,3,6.4,1,6.2,5.9,0,82.3,66.8,1
8.22,2,5.7,0,5.9,5.4,2,73.4,50.3,1
7.06,2,5.4,0,4.7,5.4,3,67.4,38.3,0
8.08,2,7.1,1,5.7,5.6,3,72.3,67.8,1
6.72,0,4.2,0,2.7,2.5,0,52.7,38.8,0
7.36,2,5.3,1,7.1,7.2,1,59.4,50.9,0
6.49,2,5.5,0,6.0,4.9,2,44.4,50.7,0
5.48,2,7.1,0,5.9,5.9,2,47.1,71.5,0
6.97,2,6.9,0,4.8,4.9,3,65.4,63.7,1
9.8,5,7.8,1,9.9,9.0,2,100.0,88.0,1
6.51,1,4.6,0,5.9,5.6,2,63.5,59.6,0
8.63,1,7.3,1,5.8,5.5,0,80.4,64.7,1
8.28,4,7.2,0,7.7,7.2,2,76.5,64.7,1
7.67,5,7.1,1,7.7,6.9,3,76.0,62.9,1
7.86,4,7.5,1,5.6,5.2,2,71.1,57.3,1
5.71,2,5.6,0,5.9,5.9,3,46.9,51.8,0
7.9,3,8.1,0,7.3,6.0,1,78.2,75.7,1
6.67,0,7.1,0,3.5,3.5,0,60.9,51.2,0
7.35,3,6.0,1,5.3,6.5,2,74.9,67.9,1
6.79,5,6.4,1,8.1,7.9,3,59.1,73.2,1
8.22,2,5.1,0,8.0,8.4,1,94.6,59.3,1
9.2,5,5.8,1,7.2,6.7,4,89.1,69.1,1
5.53,4,6.7,0,6.3,7.0,0,50.1,52.4,0
6.45,0,6.1,0,3.9,4.4,0,58.4,51.7,0
8.78,4,5.2,1,9.0,7.8,3,88.3,65.6,1
7.88,3,8.3,0,4.9,5.1,1,78.5,64.9,1
7.4,2,6.8,0,5.0,4.5,2,66.3,70.3,1
7.13,3,6.3,0,5.3,6.6,1,75.5,53.5,1
6.55,3,8.6,0,4.8,4.9,3,57.4,77.8,1
6.28,1,4.5,0,3.8,3.6,1,49.9,44.0,0
6.96,3,8.2,0,6.1,5.0,2,69.2,63.3,1
5.95,2,7.0,0,4.8,5.7,2,65.4,58.5,0
6.13,2,6.3,0,5.4,4.9,2,53.9,62.1,0
7.75,3,7.5,0,8.3,6.7,3,74.4,67.7,1
7.42,4,6.8,0,7.1,6.7,3,69.2,72.2,1
8.75,6,7.2,1,8.1,8.4,3,95.5,79.0,1
4.5,3,6.5,0,5.2,4.8,1,35.0,61.4,0
7.33,4,7.8,1,8.7,7.4,3,77.2,68.2,1
6.59,0,4.7,0,2.8,4.5,0,51.2,47.9,0
6.84,2,5.9,0,4.0,5.5,2,55.6,56.0,0
7.43,4,6.8,0,7.2,5.6,1,74.7,65.1,1
5.77,2,8.0,0,4.3,4.2,2,53.9,60.5,0
7.38,3,6.5,0,5.8,7.7,3,72.7,64.9,1
7.55,2,7.5,1,6.9,6.9,1,84.1,62.7,0
7.38,3,7.7,0,8.0,7.9,2,64.9,83.5,1
6.55,2,7.5,0,5.8,5.0,2,56.5,56.1,0
7.46,3,8.0,0,7.6,7.4,2,73.2,85.3,1
5.7,4,6.1,0,6.8,7.1,1,53.1,60.9,0
5.75,3,6.3,0,4.7,3.8,3,54.1,55.7,0
7.34,3,5.0,1,6.5,6.6,1,81.2,58.5,1
7.71,0,7.2,0,4.1,3.0,0,61.6,61.5,1
5.55,0,5.1,0,4.0,4.7,0,44.7,35.4,0
6.45,2,5.9,0,5.7,5.5,2,59.8,61.3,1
7.32,7,7.3,1,9.2,8.3,4,75.8,87.2,1
6.26,4,6.1,1,6.6,6.5,2,76.3,62.4,1
6.66,3,8.3,0,7.1,7.4,1,61.8,78.6,1
7.67,4,5.7,0,6.1,4.4,3,71.2,67.3,1
7.89,5,8.1,1,8.8,7.9,4,88.0,87.0,1
7.75,0,7.5,0,6.7,6.1,1,73.3,70.1,1
6.41,2,6.0,0,4.8,6.0,0,53.9,47.7,0
6.24,0,7.5,0,5.1,5.5,0,58.0,66.3,0
8.32,4,8.1,1,7.6,7.3,2,81.5,77.2,1
7.05,4,5.0,0,6.7,6.1,2,68.8,56.4,1
6.98,2,6.6,1,5.4,4.0,1,58.3,51.5,0
6.4,4,6.3,1,7.5,7.4,2,68.9,71.2,1
5.19,0,4.7,0,2.5,2.5,0,40.8,35.0,0
6.73,2,6.4,0,6.2,6.8,0,71.2,59.1,1
5.89,0,7.2,0,5.5,5.7,0,56.1,51.7,0
5.6,3,5.7,0,7.0,7.0,2,48.6,53.6,0
8.29,3,7.0,0,7.3,6.5,1,79.2,64.4,1
7.71,6,6.5,1,7.5,8.1,3,95.8,69.5,0
6.2,3,7.6,1,7.4,7.5,1,61.4,67.0,1
7.2,2,5.5,0,6.9,6.0,1,72.4,51.0,1
6.28,1,6.1,0,5.8,5.9,3,53.3,65.8,0
7.29,5,8.8,1,8.2,7.9,2,73.6,80.4,1
6.05,2,6.8,0,5.1,5.4,1,50.8,56.1,0
7.0,5,6.3,1,6.3,6.2,3,64.3,66.3,1
6.91,1,7.0,0,6.1,6.5,0,54.3,72.4,1
6.1,1,5.3,0,5.3,4.3,1,60.4,48.6,0
7.62,4,8.1,1,7.5,7.0,3,81.8,80.2,1
8.16,2,8.7,0,7.4,6.4,3,72.5,68.3,1
7.73,2,5.4,0,5.9,6.4,3,76.8,52.4,1
6.67,3,7.4,0,3.6,5.2,2,61.7,58.9,0
6.97,2,7.1,0,6.9,5.8,1,64.2,56.0,1
6.57,2,6.0,0,4.8,5.4,2,59.2,56.2,0
7.97,2,6.0,0,5.1,5.5,1,81.7,73.5,1
5.13,0,6.2,1,4.0,4.8,1,37.2,52.2,0
6.2,3,6.9,0,5.1,5.2,2,67.4,59.7,0
8.89,5,7.5,1,7.2,6.8,3,95.1,68.6,1
6.98,2,7.3,1,5.4,6.1,0,75.2,71.1,1
7.97,4,6.5,0,7.1,6.5,2,71.0,63.0,1
7.98,5,7.6,1,7.7,7.6,2,82.4,80.3,1
8.74,6,8.3,1,10.0,10.0,3,100.0,88.1,1
9.44,7,8.7,1,10.0,10.0,2,100.0,93.5,1
6.16,1,8.2,0,4.9,4.3,1,55.5,62.5,0
6.87,1,4.5,0,5.0,5.3,0,56.6,44.6,0
7.51,3,6.1,1,5.3,5.9,1,71.8,55.7,1
6.44,4,6.9,1,5.0,5.6,2,60.8,67.5,1
7.31,3,6.3,0,4.5,4.9,2,61.3,59.1,0
7.68,5,6.8,0,5.3,4.6,3,72.0,71.8,1
6.64,1,5.5,0,4.4,3.8,1,56.7,51.3,0
5.84,3,8.8,0,7.9,7.2,3,58.6,73.7,1
7.66,2,6.8,1,6.3,6.1,3,69.7,69.8,1
6.63,1,6.5,0,3.9,4.8,0,57.2,54.2,0
5.97,3,5.5,1,7.1,6.2,3,65.8,63.2,1
7.83,5,6.1,1,9.5,9.6,1,93.1,78.1,1
7.33,1,4.9,1,6.5,5.9,0,74.4,50.3,1
7.05,6,7.9,1,7.3,7.6,4,74.8,76.3,1
8.28,3,7.6,0,7.2,7.2,3,73.5,66.5,1
7.74,3,8.5,1,5.7,5.6,2,73.3,70.0,1
8.07,4,7.8,1,6.4,8.1,2,78.8,78.7,1
6.19,0,7.2,0,4.8,4.4,0,54.7,69.3,0
7.1,2,6.1,0,5.0,5.0,1,54.2,43.7,1
7.2,3,7.2,1,6.2,6.7,1,79.8,65.1,1
8.48,4,5.9,1,6.6,6.8,2,96.1,61.2,1
7.39,1,7.1,0,5.2,4.0,2,54.1,59.5,0
5.5,2,7.1,0,6.8,6.1,2,63.3,74.4,0
7.02,1,5.2,0,5.1,5.2,2,37.0,48.9,0
6.92,4,8.9,1,8.2,6.2,2,67.3,93.3,1
6.49,3,6.1,0,6.0,6.2,3,55.3,52.6,0
7.18,5,7.0,0,7.4,8.2,3,67.8,71.7,1
6.82,3,6.8,0,5.6,5.3,2,62.0,60.6,1
6.09,0,5.8,0,3.3,2.5,0,37.5,46.6,0
7.77,7,7.0,1,7.6,8.1,3,79.5,81.1,1
8.75,3,6.8,0,6.3,6.9,2,90.2,65.9,1
7.04,1,6.8,0,5.7,4.4,2,63.1,57.5,0
7.66,7,6.4,0,8.3,7.2,3,79.1,65.1,1
7.37,4,7.3,1,8.2,7.4,2,75.2,81.2,1
7.61,4,5.0,1,7.0,6.4,2,73.0,54.0,1
6.86,2,6.5,0,5.3,4.8,1,63.4,51.3,0
7.66,2,8.1,1,7.9,6.5,1,73.4,80.3,1
6.58,2,6.1,0,4.8,5.0,0,63.2,59.9,0
7.58,4,7.7,1,7.1,7.2,2,75.9,70.2,1
6.25,0,7.6,0,3.6,4.8,1,35.3,67.8,1
5.9,4,4.4,0,7.1,6.6,2,48.6,53.6,0
7.04,4,7.5,0,7.0,6.6,3,66.2,67.2,1
6.86,3,8.7,1,7.7,7.4,3,62.6,67.6,1
6.85,2,5.6,0,3.1,2.9,1,61.7,37.9,0
8.17,4,6.3,0,7.0,7.1,3,76.7,62.8,0
5.01,1,6.2,0,6.4,4.9,1,36.2,51.1,0
7.19,5,5.3,1,7.4,6.6,4,64.1,60.7,1
8.85,2,6.6,0,8.2,7.2,2,91.2,71.3,1
6.1,6,6.9,1,7.1,7.4,2,61.6,68.3,1
7.84,5,5.4,0,6.9,6.3,2,79.5,49.8,1
5.73,0,3.7,0,5.6,5.9,0,50.3,49.0,0
6.36,2,4.6,0,6.0,6.7,1,48.0,47.3,0
6.98,1,5.4,0,4.5,5.0,2,66.6,43.4,0
6.72,2,5.8,0,5.8,5.4,1,49.9,37.8,0
7.62,5,8.8,1,7.5,7.8,3,79.4,77.7,1
4.73,0,4.7,0,2.9,2.9,2,49.2,38.8,0
5.12,2,4.1,0,4.2,4.2,3,36.8,43.1,0
6.05,4,7.2,0,7.0,6.2,2,55.3,73.0,1
6.84,1,6.5,0,4.7,4.6,2,47.9,50.4,0
6.96,5,7.8,1,8.0,7.4,3,71.0,79.6,1
7.53,2,6.8,1,7.0,6.8,2,76.2,63.6,1
5.49,5,6.8,0,5.4,4.1,2,48.7,55.6,0
6.85,1,9.1,0,4.8,5.2,0,48.5,65.4,0
8.24,4,7.6,1,8.1,7.9,3,82.5,72.8,1
5.66,6,5.1,0,8.7,7.7,4,63.6,71.8,1
6.72,5,5.2,0,8.0,7.6,1,52.2,56.6,1
7.3,3,4.7,0,5.5,6.4,2,72.7,56.1,1
6.48,0,5.9,0,4.9,4.2,1,69.7,53.9,0
7.59,3,4.0,0,7.3,5.5,2,72.7,55.0,1
7.22,6,7.3,1,10.0,8.8,3,77.7,78.7,0
7.91,3,5.3,1,6.5,6.6,3,80.0,55.8,1
8.18,4,5.4,0,6.7,5.8,1,84.8,60.8,1
6.67,2,6.3,0,5.8,5.0,2,61.0,55.5,1
6.48,2,8.0,0,4.0,5.0,0,62.5,56.9,0
8.94,5,7.0,1,9.1,9.0,4,93.7,79.9,1
8.67,3,7.1,1,5.9,6.0,3,83.7,67.4,1
5.44,1,7.0,0,3.9,4.5,2,41.7,54.8,0
6.59,4,7.2,1,6.5,7.4,1,59.0,66.4,1
6.67,5,5.8,1,8.1,8.0,3,69.7,73.2,1
8.29,0,7.7,0,4.5,4.6,0,74.2,66.9,1
7.19,1,5.4,0,5.1,4.6,0,66.6,45.4,0
6.72,1,6.4,0,3.4,4.4,1,60.6,51.5,0
8.22,4,7.5,1,6.3,7.9,1,82.0,90.9,1
8.2,5,5.8,1,7.9,5.3,4,75.5,42.9,1
6.88,5,6.1,1,6.3,7.2,2,71.7,63.4,1
7.24,4,7.6,0,7.0,6.3,3,71.1,74.4,1
4.56,0,5.6,0,3.1,3.0,0,36.3,40.2,0
7.65,2,8.3,0,6.7,7.5,1,71.4,79.4,1
7.68,4,7.5,0,8.6,8.8,3,84.4,80.5,1
6.73,5,6.3,1,6.7,7.4,1,67.7,66.5,1
6.79,3,5.3,1,5.9,6.7,1,68.1,52.4,1
6.75,4,5.3,1,7.5,7.1,3,68.0,67.0,1
7.08,1,7.7,0,5.4,5.6,0,66.5,68.2,1
9.47,4,7.0,1,7.5,7.2,3,91.8,68.1,1
7.08,5,6.6,0,8.7,7.0,4,70.0,71.0,1
5.93,4,6.1,0,6.5,6.2,2,61.3,56.0,0
7.07,2,5.1,0,6.7,6.6,1,60.1,56.5,1
6.22,4,5.8,0,7.3,6.6,2,62.5,62.7,1
8.62,3,7.7,1,6.9,7.0,3,81.9,73.8,1
6.48,3,4.5,0,7.0,6.0,1,69.5,52.8,0
6.59,2,5.0,0,5.9,6.3,1,60.8,57.5,0
6.2,2,6.9,0,5.2,5.6,1,55.4,53.2,1
5.41,2,5.2,0,4.6,5.2,2,40.9,41.5,0
6.03,4,7.2,1,8.3,7.5,3,67.4,73.4,1
6.1,0,4.5,0,3.4,3.8,0,55.7,40.4,0
5.83,1,6.0,0,4.6,4.6,1,48.1,48.3,0
7.07,4,6.4,1,5.4,5.2,1,67.2,61.9,1
7.7,5,7.7,1,7.0,8.1,2,81.1,80.7,1
7.32,5,6.8,1,8.2,7.6,4,77.0,76.5,0
5.6,1,4.5,0,5.7,5.2,0,45.4,47.2,0
7.13,4,7.7,0,5.0,5.2,2,72.7,64.1,1
7.01,3,6.0,1,6.4,5.3,1,65.3,50.9,1
9.34,6,7.8,1,10.0,9.5,2,100.0,88.1,1
7.1,4,7.7,0,6.4,7.1,4,74.3,66.8,1
7.24,3,8.6,0,5.8,6.9,1,63.9,67.7,1
6.34,3,5.1,0,6.0,7.0,1,57.2,60.2,0
7.57,4,7.3,0,7.9,7.4,1,82.1,81.3,1
5.77,4,5.4,0,6.1,6.0,2,57.1,65.4,0
7.31,4,5.9,0,7.8,8.1,2,76.2,73.6,1
6.17,7,4.2,0,9.4,7.9,2,65.4,62.9,1
7.43,5,6.6,1,9.0,8.5,4,78.2,76.0,1
8.81,6,5.8,0,9.7,9.1,3,99.0,63.2,1
7.19,5,5.9,0,7.8,6.4,3,76.0,67.1,1
7.0,2,6.9,0,6.1,6.7,0,64.2,67.4,1
7.29,2,5.9,0,7.0,8.2,1,72.2,61.9,1
7.98,5,7.5,1,7.7,8.4,2,66.8,88.5,1
6.24,2,7.6,0,6.3,5.4,2,60.8,52.7,0
6.47,3,7.2,0,6.3,6.5,3,66.3,69.3,1
7.35,3,6.4,0,7.1,7.2,1,72.2,61.1,1
6.42,4,5.8,0,6.9,6.2,3,57.0,58.7,1
5.82,1,6.3,0,5.7,6.0,2,56.5,59.4,0
